,Id,name,nb_tasks,type,asOfDateTime,createdAt,updatedAt,finishedAt,job_status,datetimeFrom,datetimeTo,message,db_granularity
444,900,BC_Jan24_Aug24_G6Param9NewGpCte,1,Backcast,,2024-11-05T20:56:38.862,2024-11-06T06:19:25.000,,AVAILABLE,2024-01-01T00:00:00.000,2024-08-31T00:00:00.000,,Daily
443,899,BC_2024-01-01_2024-08-31_G6_20241105180501,1,Backcast,,2024-11-05T18:05:13.528,2024-11-05T18:05:13.528,,CREATED,2024-01-01T00:00:00.000,2024-08-31T00:00:00.000,,Daily
442,898,BC_Jan24_Aug24_G6Param9FuelTypes,1,Backcast,,2024-11-05T18:00:49.238,2024-11-05T19:43:10.546,,AVAILABLE,2024-01-01T00:00:00.000,2024-08-31T00:00:00.000,,Daily
441,897,BC_Jan24_Jan24_G6TestFuelTypes,1,Backcast,,2024-11-05T17:06:48.371,2024-11-05T17:10:52.430,,INPUTS_LOADED,2024-01-01T00:00:00.000,2024-01-10T00:00:00.000,,Daily
440,896,BC_Jan24_Aug24_G6Params9Reserve4pRatio10p,1,Backcast,,2024-11-04T22:14:56.995,2024-11-04T22:47:01.493,,AVAILABLE,2024-01-01T00:00:00.000,2024-08-31T00:00:00.000,,Daily
439,895,BC_Jan24_Aug24_G6Params9,1,Backcast,,2024-11-04T22:10:14.672,2024-11-04T22:47:28.073,,AVAILABLE,2024-01-01T00:00:00.000,2024-08-31T00:00:00.000,,Daily
438,894,BC_Jan24_Aug24_G6Params8,1,Backcast,,2024-11-04T13:45:30.292,2024-11-04T14:12:27.673,,AVAILABLE,2024-01-01T00:00:00.000,2024-08-31T00:00:00.000,,Daily
437,893,BC_Jan24_Aug24_G6Params7,1,Backcast,,2024-11-02T17:13:33.273,2024-11-02T17:36:48.896,,AVAILABLE,2024-01-01T00:00:00.000,2024-08-31T00:00:00.000,,Daily
436,892,BC_Jan24_Aug24_G6Params6Bis,1,Backcast,,2024-11-02T16:55:17.236,2024-11-02T17:36:26.680,,AVAILABLE,2024-01-01T00:00:00.000,2024-08-31T00:00:00.000,,Daily
435,890,BC_Jan24_Aug24_G6Params6,1,Backcast,,2024-11-02T16:30:43.988,2024-11-02T16:30:46.786,,LOADING_INPUTS,2024-01-01T00:00:00.000,2024-08-31T00:00:00.000,,Daily
434,889,BC_Jan24_Aug24_G6Params5,1,Backcast,,2024-11-02T15:09:19.214,2024-11-02T15:45:05.580,,AVAILABLE,2024-01-01T00:00:00.000,2024-08-31T00:00:00.000,,Daily
433,888,BC_Jan24_Aug24_G6Params4,1,Backcast,,2024-11-02T14:09:18.207,2024-11-02T15:01:42.140,,AVAILABLE,2024-01-01T00:00:00.000,2024-08-31T00:00:00.000,,Daily
432,887,BC_Jan24_Aug24_G6Params3,1,Backcast,,2024-11-01T17:13:45.891,2024-11-01T17:39:49.086,,AVAILABLE,2024-01-01T00:00:00.000,2024-08-31T00:00:00.000,,Daily
431,886,BC_Jan24_Aug24_G6Params2,1,Backcast,,2024-11-01T16:11:45.291,2024-11-01T17:19:04.583,,AVAILABLE,2024-01-01T00:00:00.000,2024-08-31T00:00:00.000,,Daily
430,885,BC_Jan24_Aug24_G6Params1,1,Backcast,,2024-11-01T12:51:13.098,2024-11-01T15:09:04.480,,AVAILABLE,2024-01-01T00:00:00.000,2024-08-31T00:00:00.000,,Daily
429,884,FC_Jan24_Aug24_G6NewWeatherMetadata2,5,Simulation,,2024-10-29T17:17:01.526,2024-10-30T08:52:02.006,,AVAILABLE,2024-01-01T00:00:00.000,2024-08-31T00:00:00.000,,Daily
428,883,FC_Jan24_Aug24_G6NewWeatherMetadata,5,Simulation,,2024-10-29T16:55:10.249,2024-10-29T17:00:01.240,,INPUTS_LOADED,2024-01-01T00:00:00.000,2024-08-31T00:00:00.000,,Daily
427,882,2024-01-01_2024-08-31_G6_20241029150255,5,Simulation,,2024-10-29T15:03:03.511,2024-10-29T15:03:03.511,,CREATED,2024-01-01T00:00:00.000,2024-08-31T00:00:00.000,,Daily
426,881,FC_Jan24_Aug24_G6GenPlan1,5,Simulation,,2024-10-29T14:56:14.629,2024-10-29T15:03:56.993,,BATCH_SUBMITTED,2024-01-01T00:00:00.000,2024-08-31T00:00:00.000,,Daily
425,880,FC_Feb24_Feb24_G6GenPlan1,5,Simulation,,2024-10-29T14:54:15.007,2024-10-29T14:55:21.036,,INPUTS_LOADED,2024-02-01T00:00:00.000,2024-02-15T00:00:00.000,,Daily
424,879,BC_Jan23_Aug24_G6GenPlan1,1,Backcast,,2024-10-29T13:25:25.648,2024-10-29T14:29:58.320,,BATCH_SUBMITTED,2023-01-01T00:00:00.000,2024-08-31T00:00:00.000,,Daily
423,878,BC_Jan24_Jan24_G6GenPlan1,1,Backcast,,2024-10-29T10:59:06.790,2024-10-29T11:12:04.563,,AVAILABLE,2024-01-01T00:00:00.000,2024-01-15T00:00:00.000,,Daily
422,877,BC_Jan24_Jan24_G6GenPlan,1,Backcast,,2024-10-28T14:43:36.827,2024-10-28T14:44:28.246,,INPUTS_LOADED,2024-01-01T00:00:00.000,2024-01-15T00:00:00.000,,Daily
421,876,BC_Jan24_Jan24_G6TestingAvImp2,1,Backcast,,2024-10-25T16:03:20.126,2024-10-25T15:04:13.046,,INPUTS_LOADED,2024-01-01T00:00:00.000,2024-01-15T00:00:00.000,,Daily
420,875,BC_Jan22_Aug24_G6WithReserveMG,1,Backcast,,2024-10-23T13:43:40.103,2024-10-24T01:17:30.876,,AVAILABLE,2022-01-01T00:00:00.000,2024-08-31T00:00:00.000,,Daily
419,874,BC_Jan22_Aug24_G6WithReserve,1,Backcast,,2024-10-23T13:00:56.763,2024-10-23T12:42:32.510,,BATCH_SUBMITTED,2022-01-01T00:00:00.000,2024-08-31T00:00:00.000,,Daily
418,873,BC_Jan22_Aug24_G6NoReserve3,1,Backcast,,2024-10-23T10:46:23.811,2024-10-23T11:59:13.516,,AVAILABLE,2022-01-01T00:00:00.000,2024-08-31T00:00:00.000,,Daily
417,872,BC_2024-01-01_2024-06-30_G6_20241023101915,1,Backcast,,2024-10-23T10:19:20.240,2024-10-23T10:19:20.240,,CREATED,2024-01-01T00:00:00.000,2024-06-30T00:00:00.000,,Weekly
416,871,BC_Jan24_Jun24_G6NoReserve,1,Backcast,,2024-10-23T10:10:54.652,2024-10-23T09:29:14.350,,AVAILABLE,2024-01-01T00:00:00.000,2024-06-30T00:00:00.000,,Daily
415,870,BC_Jan23_Aug24_G6NoReserve2,1,Backcast,,2024-10-23T08:35:27.822,2024-10-23T08:44:27.430,,AVAILABLE,2023-01-01T00:00:00.000,2024-08-31T00:00:00.000,,Daily
414,869,auto_2024-01-01_2024-01-02_G6_20241022165959,1,Backcast,,2024-10-22T17:00:00.143,2024-10-22T17:05:04.590,,BATCH_SUBMITTED,2024-01-01T00:00:00.000,2024-01-02T00:00:00.000,,
413,868,BC_2023-01-01_2024-08-31_G6_20241022161316,1,Backcast,,2024-10-22T16:13:42.309,2024-10-22T15:13:47.243,,LOADING_INPUTS,2023-01-01T00:00:00.000,2024-08-31T00:00:00.000,,Weekly
412,867,BC_Jan23_Aug24_G6NoReserve,1,Backcast,,2024-10-22T15:35:44.830,2024-10-22T19:20:31.596,,UNAVAILABLE,2023-01-01T00:00:00.000,2024-08-31T00:00:00.000,,Daily
411,866,BC_Jan23_Aug24_G6JeraFuelConsoD,1,Backcast,,2024-10-22T15:25:32.688,2024-10-22T14:25:35.930,,LOADING_INPUTS,2023-01-01T00:00:00.000,2024-08-31T00:00:00.000,,Daily
410,865,BC_2024-01-01_2024-01-15_G6_20241022094931,1,Backcast,,2024-10-22T09:52:05.053,2024-10-22T19:20:26.406,,UNAVAILABLE,2024-01-01T00:00:00.000,2024-01-15T00:00:00.000,,Daily
409,864,BC_2024-01-01_2024-01-15_G6_20241021180929,1,Backcast,,2024-10-21T18:09:31.790,2024-10-21T17:11:37.290,,BATCH_SUBMITTED,2024-01-01T00:00:00.000,2024-01-15T00:00:00.000,,Daily
408,863,auto_2024-01-01_2024-01-02_G6_20241021170000,1,Backcast,,2024-10-21T17:00:00.863,2024-10-21T17:05:05.283,,BATCH_SUBMITTED,2024-01-01T00:00:00.000,2024-01-02T00:00:00.000,,
407,862,BC_2024-01-01_2024-01-15_G6_20241021174944,1,Backcast,,2024-10-21T17:49:49.416,2024-10-21T16:51:54.890,,BATCH_SUBMITTED,2024-01-01T00:00:00.000,2024-01-15T00:00:00.000,,Daily
406,861,BC_2024-01-01_2024-01-15_G6_20241021161538,1,Backcast,,2024-10-21T16:15:40.958,2024-10-21T16:36:30.663,,BATCH_SUBMITTED,2024-01-01T00:00:00.000,2024-01-15T00:00:00.000,,Daily
405,860,BC_2024-01-01_2024-01-15_G6_20241021161337,1,Backcast,,2024-10-21T16:13:42.451,2024-10-21T15:13:47.190,,LOADING_INPUTS,2024-01-01T00:00:00.000,2024-01-15T00:00:00.000,,Daily
404,859,BC_2024-01-01_2024-01-15_G6_20241021160932,1,Backcast,,2024-10-21T16:09:35.574,2024-10-21T16:09:35.574,,CREATED,2024-01-01T00:00:00.000,2024-01-15T00:00:00.000,,Daily
403,858,BC_2024-01-01_2024-01-15_G6_20241021155054,1,Backcast,,2024-10-21T15:57:07.775,2024-10-21T15:57:07.775,,CREATED,2024-01-01T00:00:00.000,2024-01-15T00:00:00.000,,Daily
402,857,auto_2024-01-01_2024-01-02_G6_20241020170000,1,Backcast,,2024-10-20T17:00:00.587,2024-10-20T17:05:03.780,,BATCH_SUBMITTED,2024-01-01T00:00:00.000,2024-01-02T00:00:00.000,,
401,856,auto_2024-01-01_2024-01-02_G6_20241019165959,1,Backcast,,2024-10-19T17:00:00.147,2024-10-19T17:04:03.443,,BATCH_SUBMITTED,2024-01-01T00:00:00.000,2024-01-02T00:00:00.000,,
400,855,auto_2024-01-01_2024-01-02_G6_20241018170000,1,Backcast,,2024-10-18T17:00:00.913,2024-10-18T17:05:04.700,,BATCH_SUBMITTED,2024-01-01T00:00:00.000,2024-01-02T00:00:00.000,,
399,854,auto_2024-01-01_2024-01-02_G6_20241017170000,1,Backcast,,2024-10-17T17:00:00.617,2024-10-17T17:04:03.830,,BATCH_SUBMITTED,2024-01-01T00:00:00.000,2024-01-02T00:00:00.000,,
398,853,BC_Jan22_Jan24_G6JeraFuelConsoD,1,Backcast,,2024-10-17T08:07:23.515,2024-10-17T13:37:35.880,,AVAILABLE,2022-01-01T00:00:00.000,2024-01-01T00:00:00.000,,Daily
397,852,BC_Jan22_Jan24_G1JeraFuelConsoD,1,Backcast,,2024-10-16T20:33:16.090,2024-10-17T06:53:46.496,,AVAILABLE,2022-01-01T00:00:00.000,2024-01-01T00:00:00.000,,Daily
396,851,auto_2024-01-01_2024-01-02_G6_20241016170000,1,Backcast,,2024-10-16T17:00:00.359,2024-10-16T17:05:03.830,,BATCH_SUBMITTED,2024-01-01T00:00:00.000,2024-01-02T00:00:00.000,,
395,850,BC_Jan24_Jan24_G1JeraFuelConsoD,1,Backcast,,2024-10-16T16:44:10.574,2024-10-16T18:43:36.436,,AVAILABLE,2024-01-01T00:00:00.000,2024-01-15T00:00:00.000,,Daily
394,849,BC_Jan23_Jan24_G1hourly2,1,Backcast,,2024-10-16T14:17:46.279,2024-10-16T15:49:36.256,,AVAILABLE,2023-01-01T00:00:00.000,2024-01-01T00:00:00.000,,Hourly
393,848,BC_Jan23_Jan24_G1hourly,1,Backcast,,2024-10-16T10:42:18.112,2024-10-16T14:33:45.920,,AVAILABLE,2023-01-01T00:00:00.000,2024-01-01T00:00:00.000,,Daily
392,847,BC_Jan24_Jan24_G1hourly,1,Backcast,,2024-10-16T10:28:29.111,2024-10-16T09:31:43.870,,INPUTS_LOADED,2024-01-01T00:00:00.000,2024-01-15T00:00:00.000,,Daily
391,846,auto_2024-01-01_2024-01-02_G6_20241015170000,1,Backcast,,2024-10-15T17:00:00.893,2024-10-15T17:05:09.446,,BATCH_SUBMITTED,2024-01-01T00:00:00.000,2024-01-02T00:00:00.000,,
390,845,BC_Jan24_Jan24_G6testDaily5,1,Backcast,,2024-10-15T16:11:30.851,2024-10-15T15:14:24.463,,INPUTS_LOADED,2024-01-01T00:00:00.000,2024-01-15T00:00:00.000,,Daily
389,844,BC_Jan24_Jan24_G6testDaily4,1,Backcast,,2024-10-15T14:51:53.460,2024-10-15T17:19:37.576,,AVAILABLE,2024-01-01T00:00:00.000,2024-01-15T00:00:00.000,,Daily
388,843,BC_Jan24_Jan24_G6testDaily3,1,Backcast,,2024-10-15T14:15:39.675,2024-10-15T13:18:45.750,,INPUTS_LOADED,2024-01-01T00:00:00.000,2024-01-15T00:00:00.000,,Hourly
387,842,auto_2024-01-01_2024-01-02_G6_20241014170001,1,Backcast,,2024-10-14T17:00:01.955,2024-10-14T17:05:05.680,,BATCH_SUBMITTED,2024-01-01T00:00:00.000,2024-01-02T00:00:00.000,,
386,841,auto_2024-01-01_2024-01-02_G6_20241013170000,1,Backcast,,2024-10-13T17:00:00.393,2024-10-13T17:05:03.480,,BATCH_SUBMITTED,2024-01-01T00:00:00.000,2024-01-02T00:00:00.000,,
385,840,auto_2024-01-01_2024-01-02_G6_20241012170000,1,Backcast,,2024-10-12T17:00:01.013,2024-10-12T17:05:04.913,,BATCH_SUBMITTED,2024-01-01T00:00:00.000,2024-01-02T00:00:00.000,,
384,839,BC_Jan24_Jan24_G6testHourly2,1,Backcast,,2024-10-12T15:10:17.097,2024-10-12T14:13:40.990,,INPUTS_LOADED,2024-01-01T00:00:00.000,2024-01-15T00:00:00.000,,Hourly
383,837,BC_Jan24_Jan24_G6testHourly,1,Backcast,,2024-10-12T14:55:16.549,2024-10-12T13:55:19.636,,LOADING_INPUTS,2024-01-01T00:00:00.000,2024-01-15T00:00:00.000,,Hourly
382,836,auto_2024-01-01_2024-01-02_G6_20241011170000,1,Backcast,,2024-10-11T17:00:00.606,2024-10-11T17:05:04.416,,BATCH_SUBMITTED,2024-01-01T00:00:00.000,2024-01-02T00:00:00.000,,
381,835,BC_Jan24_Jan24_G6testDaily2,1,Backcast,,2024-10-11T14:41:17.384,2024-10-11T15:10:32.946,,AVAILABLE,2024-01-01T00:00:00.000,2024-01-15T00:00:00.000,,Daily
380,834,auto_2024-01-01_2024-01-02_G6_20241010170000,1,Backcast,,2024-10-10T17:00:00.267,2024-10-10T17:04:08.910,,BATCH_SUBMITTED,2024-01-01T00:00:00.000,2024-01-02T00:00:00.000,,
379,833,BC_Jan24_Jan24_G6testDaily,1,Backcast,,2024-10-10T13:49:00.764,2024-10-10T16:02:06.786,,AVAILABLE,2024-01-01T00:00:00.000,2024-01-15T00:00:00.000,,Daily
378,832,auto_2024-01-01_2024-01-02_G6_20241009170000,1,Backcast,,2024-10-09T17:00:01.193,2024-10-09T17:05:04.530,,BATCH_SUBMITTED,2024-01-01T00:00:00.000,2024-01-02T00:00:00.000,,
377,831,BC_Jan24_Jan24_G6testGranForInsertInps4,1,Backcast,,2024-10-09T09:32:33.390,2024-10-10T12:32:48.166,,AVAILABLE,2024-01-01T00:00:00.000,2024-01-03T00:00:00.000,,
376,830,BC_Jan24_Jan24_G6testGranForInsertInps3,1,Backcast,,2024-10-09T09:24:48.650,2024-10-09T08:24:50.670,,LOADING_INPUTS,2024-01-01T00:00:00.000,2024-01-03T00:00:00.000,,
375,829,BC_Jan24_Jan24_G6testGranForInsertInps2,1,Backcast,,2024-10-09T09:02:06.009,2024-10-09T08:02:08.540,,LOADING_INPUTS,2024-01-01T00:00:00.000,2024-01-03T00:00:00.000,,
374,828,BC_Jan24_Jan24_G6testGranForInsertInps,1,Backcast,,2024-10-09T08:57:10.150,2024-10-09T07:57:12.050,,LOADING_INPUTS,2024-01-01T00:00:00.000,2024-01-03T00:00:00.000,,
373,827,auto_2024-01-01_2024-01-02_G6_20241008170000,1,Backcast,,2024-10-08T17:00:00.717,2024-10-08T17:04:05.040,,BATCH_SUBMITTED,2024-01-01T00:00:00.000,2024-01-02T00:00:00.000,,
372,826,auto_2024-01-01_2024-01-02_G6_20241007170000,1,Backcast,,2024-10-07T17:00:00.541,2024-10-07T17:05:03.873,,BATCH_SUBMITTED,2024-01-01T00:00:00.000,2024-01-02T00:00:00.000,,
371,825,auto_2024-01-01_2024-01-02_G6_20241006165959,1,Backcast,,2024-10-06T17:00:00.109,2024-10-06T17:05:03.410,,BATCH_SUBMITTED,2024-01-01T00:00:00.000,2024-01-02T00:00:00.000,,
370,824,auto_2024-01-01_2024-01-02_G6_20241005170000,1,Backcast,,2024-10-05T17:00:00.867,2024-10-05T17:05:03.980,,BATCH_SUBMITTED,2024-01-01T00:00:00.000,2024-01-02T00:00:00.000,,
369,823,auto_2024-01-01_2024-01-02_G6_20241004170000,1,Backcast,,2024-10-04T17:00:01.031,2024-10-04T17:04:05.256,,BATCH_SUBMITTED,2024-01-01T00:00:00.000,2024-01-02T00:00:00.000,,
368,822,auto_2024-01-01_2024-01-02_G6_20241003165959,1,Backcast,,2024-10-03T17:00:00.065,2024-10-03T17:05:03.316,,BATCH_SUBMITTED,2024-01-01T00:00:00.000,2024-01-02T00:00:00.000,,
367,820,BC_May23_May24_G6MGv4NoResModel,1,Backcast,,2024-10-03T08:52:19.185,2024-10-03T09:20:03.310,,AVAILABLE,2023-05-01T00:00:00.000,2024-05-31T00:00:00.000,,
366,819,BC_2024-10-03_2024-10-03_G6_20241003014245,1,Backcast,,2024-10-03T01:42:54.410,2024-10-03T01:42:56.826,,LOADING_INPUTS,2024-10-03T00:00:00.000,2024-10-03T00:00:00.000,,
365,818,auto_2024-01-01_2024-01-02_G6_20241002170000,1,Backcast,,2024-10-02T17:00:00.821,2024-10-02T17:05:04.796,,BATCH_SUBMITTED,2024-01-01T00:00:00.000,2024-01-02T00:00:00.000,,
364,817,BC_May23_May24_G6MGv4NoRes,1,Backcast,,2024-10-02T09:30:03.527,2024-10-03T07:09:51.593,,AVAILABLE,2023-05-01T00:00:00.000,2024-05-31T00:00:00.000,,
363,816,BC_2024-01-01_2024-01-15_G6_20241002062635,1,Backcast,,2024-10-02T06:27:34.386,2024-10-02T05:37:10.236,,AVAILABLE,2024-01-01T00:00:00.000,2024-01-15T00:00:00.000,,
362,815,BC_2024-01-01_2024-01-15_G6_20241002002113,1,Backcast,,2024-10-02T00:21:45.596,2024-10-02T05:36:11.836,,UNAVAILABLE,2024-01-01T00:00:00.000,2024-01-15T00:00:00.000,,
361,814,auto_2024-01-01_2024-01-02_G6_20241001170001,1,Backcast,,2024-10-01T17:00:01.682,2024-10-01T21:59:05.783,,UNAVAILABLE,2024-01-01T00:00:00.000,2024-01-02T00:00:00.000,,
360,813,BC_May23_May24_G6checkMinUpDown,1,Backcast,,2024-10-01T08:38:34.360,2024-10-02T08:01:54.953,,AVAILABLE,2023-05-01T00:00:00.000,2024-05-31T00:00:00.000,,
359,812,BC_Jan24_Mar24_G6checkMinUpDown,1,Backcast,,2024-10-01T07:41:49.653,2024-10-01T06:44:15.020,,INPUTS_LOADED,2024-01-01T00:00:00.000,2024-03-31T00:00:00.000,,
358,811,BC_Jan24_Jan24_G6checkMinUpDown,1,Backcast,,2024-10-01T05:54:58.625,2024-10-01T04:57:02.743,,INPUTS_LOADED,2024-01-01T00:00:00.000,2024-01-15T00:00:00.000,,
357,810,auto_2024-01-01_2024-01-02_G6_20240930170000,1,Backcast,,2024-09-30T17:00:00.661,2024-09-30T17:04:05.186,,BATCH_SUBMITTED,2024-01-01T00:00:00.000,2024-01-02T00:00:00.000,,
356,809,BC_Jan22_May24_G6MGv3Reserve3d5pLoadMax5p,1,Backcast,,2024-09-30T15:54:00.715,2024-10-01T01:18:53.330,,AVAILABLE,2022-01-01T00:00:00.000,2024-05-31T00:00:00.000,,
355,808,2024-01-01_2024-01-15_G6_20240930151718,3,Simulation,,2024-09-30T15:17:27.190,2024-09-30T14:25:37.896,,BATCH_SUBMITTED,2024-01-01T00:00:00.000,2024-01-15T00:00:00.000,,
354,807,2024-01-01_2024-01-15_G6_20240930151342,3,Simulation,,2024-09-30T15:13:47.619,2024-09-30T15:13:47.619,,CREATED,2024-01-01T00:00:00.000,2024-01-15T00:00:00.000,,
353,806,2024-01-01_2024-01-15_G6_20240930151033,3,Simulation,,2024-09-30T15:10:42.079,2024-09-30T15:10:42.079,,CREATED,2024-01-01T00:00:00.000,2024-01-15T00:00:00.000,,
352,805,2024-01-01_2024-01-15_G6_20240930150737,3,Simulation,,2024-09-30T15:07:50.551,2024-09-30T15:07:50.551,,CREATED,2024-01-01T00:00:00.000,2024-01-15T00:00:00.000,,
351,804,BC_Jan22_May24_G6MGv3Reserve3d5pLoadMax10p,1,Backcast,,2024-09-30T10:59:35.046,2024-09-30T14:26:33.413,,AVAILABLE,2022-01-01T00:00:00.000,2024-05-31T00:00:00.000,,
350,803,BC_Jan22_May24_G6MGv3ReserveJera3d5pLoad,1,Backcast,,2024-09-30T10:54:27.028,2024-10-02T07:14:26.583,,VALIDATED,2022-01-01T00:00:00.000,2024-05-31T00:00:00.000,,
349,802,BC_Jan22_May24_G6MGv3WithReserveJera,1,Backcast,,2024-09-30T07:05:43.514,2024-09-30T08:28:08.600,,AVAILABLE,2022-01-01T00:00:00.000,2024-05-31T00:00:00.000,,
348,801,BC_Jan22_May24_G6MGv3NoReserveReq,1,Backcast,,2024-09-30T06:24:34.251,2024-09-30T08:27:12.890,,AVAILABLE,2022-01-01T00:00:00.000,2024-05-31T00:00:00.000,,
347,800,BC_Jan22_May24_G6MGv3WithReserveFromData,1,Backcast,,2024-09-30T06:13:52.907,2024-09-30T06:02:41.110,,BATCH_SUBMITTED,2022-01-01T00:00:00.000,2024-05-31T00:00:00.000,,
346,799,BC_Jan22_May24_G6MGv3WithReserveMaxAt10pct2,1,Backcast,,2024-09-30T06:04:59.531,2024-09-30T08:26:53.210,,AVAILABLE,2022-01-01T00:00:00.000,2024-05-31T00:00:00.000,,
345,798,BC_Jan22_May24_G6MGv3WithReserveMaxAt10pct,1,Backcast,,2024-09-30T04:24:59.122,2024-09-30T03:33:28.396,,INPUTS_LOADED,2022-01-01T00:00:00.000,2024-05-31T00:00:00.000,,
344,796,auto_2024-01-01_2024-01-02_G6_20240929170000,1,Backcast,,2024-09-29T17:00:00.421,2024-09-29T17:09:40.100,,BATCH_SUBMITTED,2024-01-01T00:00:00.000,2024-01-02T00:00:00.000,,
343,795,auto_2024-01-01_2024-01-02_G6_20240928170000,1,Backcast,,2024-09-28T17:00:00.932,2024-09-28T17:04:06.780,,BATCH_SUBMITTED,2024-01-01T00:00:00.000,2024-01-02T00:00:00.000,,
342,794,auto_2024-01-01_2024-01-02_G6_20240927170000,1,Backcast,,2024-09-27T17:00:00.656,2024-09-27T17:05:20.340,,BATCH_SUBMITTED,2024-01-01T00:00:00.000,2024-01-02T00:00:00.000,,
341,793,BC_Jan22_May24_G6MGv3WithoutReserve,1,Backcast,,2024-09-27T10:55:23.859,2024-09-27T10:06:21.656,,INPUTS_LOADED,2022-01-01T00:00:00.000,2024-05-31T00:00:00.000,,
340,792,BC_Jan22_May24_G6testCustomAsOfsBC,1,Backcast,,2024-09-27T10:54:34.467,2024-09-27T10:54:34.467,,CREATED,2022-01-01T00:00:00.000,2024-05-31T00:00:00.000,,
339,791,auto_2024-01-01_2024-01-02_G6_20240926165959,1,Backcast,,2024-09-26T17:00:00.234,2024-09-26T17:05:20.826,,BATCH_SUBMITTED,2024-01-01T00:00:00.000,2024-01-02T00:00:00.000,,
338,790,FC_Feb24_Feb24_G6testCustomAsOfs3,1,Simulation,,2024-09-26T13:04:47.050,2024-09-26T12:11:28.130,,INPUTS_LOADED,2024-02-01T00:00:00.000,2024-02-15T00:00:00.000,,
337,789,FC_Feb24_Feb24_G6testCustomAsOfs2,1,Simulation,,2024-09-26T10:45:54.237,2024-09-26T09:45:57.083,,LOADING_INPUTS,2024-02-01T00:00:00.000,2024-02-15T00:00:00.000,,
336,787,FC_Feb24_Feb24_G6testCustomAsOfs,1,Simulation,,2024-09-26T10:33:45.039,2024-09-26T09:33:47.443,,LOADING_INPUTS,2024-02-01T00:00:00.000,2024-02-15T00:00:00.000,,
335,786,BC_2024-09-26_2024-09-26_G6_20240926003307,1,Backcast,,2024-09-26T00:33:48.550,2024-09-26T00:43:14.106,,LOADING_INPUTS,2024-09-26T00:00:00.000,2024-09-26T00:00:00.000,,
334,785,auto_2024-01-01_2024-01-02_G6_20240925170000,1,Backcast,,2024-09-25T17:00:01.055,2024-09-25T17:10:12.730,,LOADING_INPUTS,2024-01-01T00:00:00.000,2024-01-02T00:00:00.000,,
333,784,BC_Jan22_May24_G6MGv3WithReserveMax15pct2,1,Backcast,,2024-09-24T20:30:17.736,2024-09-24T21:43:57.960,,AVAILABLE,2022-01-01T00:00:00.000,2024-05-31T00:00:00.000,,
332,782,BC_Jan22_May24_G6MGv3WithReserveMax15pct,1,Backcast,,2024-09-24T20:27:11.518,2024-09-24T19:27:13.470,,LOADING_INPUTS,2022-01-01T00:00:00.000,2024-05-31T00:00:00.000,,
331,781,auto_2024-01-01_2024-01-02_G6_20240924170000,1,Backcast,,2024-09-24T17:00:00.481,2024-09-24T17:05:20.586,,BATCH_SUBMITTED,2024-01-01T00:00:00.000,2024-01-02T00:00:00.000,,
330,780,BC_Jan22_May24_G6MGv3WithReserveMax8pp3,1,Backcast,,2024-09-24T15:58:27.830,2024-09-24T16:28:21.773,,AVAILABLE,2022-01-01T00:00:00.000,2024-05-31T00:00:00.000,,
329,779,Debug_20240924135214,1,Backcast,,2024-09-24T13:52:45.103,2024-09-24T13:52:45.103,,CREATED,2022-01-01T00:00:00.000,2022-01-15T00:00:00.000,,
328,778,BC_2022-01-01_2024-05-31_G6_20240924134413,1,Backcast,,2024-09-24T13:44:43.820,2024-09-24T12:56:12.996,,LOADING_INPUTS,2022-01-01T00:00:00.000,2024-05-31T00:00:00.000,,
327,777,BC_Jan22_May24_G6MGv3WithReserveMax8pp2,1,Backcast,,2024-09-24T13:32:12.682,2024-09-24T14:13:49.200,,AVAILABLE,2022-01-01T00:00:00.000,2024-05-31T00:00:00.000,,
326,776,BC_Jan22_May24_G6MGv3WithReserveMax8pp,1,Backcast,,2024-09-24T13:16:36.914,2024-09-24T12:30:45.606,,INPUTS_LOADED,2022-01-01T00:00:00.000,2024-05-31T00:00:00.000,,
325,775,BC_Jan22_May24_G6MGv3WithReserve,1,Backcast,,2024-09-24T11:03:59.893,2024-09-24T11:30:12.926,,AVAILABLE,2022-01-01T00:00:00.000,2024-05-31T00:00:00.000,,
324,774,BC_2022-01-01_2024-05-31_G6MGv3WithReserve,1,Backcast,,2024-09-24T11:01:44.019,2024-09-24T10:01:48.560,,LOADING_INPUTS,2022-01-01T00:00:00.000,2024-05-31T00:00:00.000,,
323,773,BC_2022-01-01_2024-05-31_G6MGv3Reserve,1,Backcast,,2024-09-24T11:01:44.015,2024-09-24T10:17:12.233,,BATCH_SUBMITTED,2022-01-01T00:00:00.000,2024-05-31T00:00:00.000,,
322,772,auto_2024-01-01_2024-01-02_G6_20240924084754,1,Backcast,,2024-09-24T08:47:55.002,2024-09-24T09:02:31.793,,BATCH_SUBMITTED,2024-01-01T00:00:00.000,2024-01-02T00:00:00.000,,
321,771,BC_Jan22_Jan22_G6TestReserve1,1,Backcast,,2024-09-24T09:47:04.284,2024-09-24T08:49:08.606,,INPUTS_LOADED,2022-01-01T00:00:00.000,2022-01-15T00:00:00.000,,
320,770,BC_Jan22_Jan22_G6TestReserve0.50,1,Backcast,,2024-09-24T08:36:59.342,2024-09-24T07:39:05.326,,INPUTS_LOADED,2022-01-01T00:00:00.000,2022-01-15T00:00:00.000,,
319,769,BC_Jan22_Jan22_G6TestNoReserve0,1,Backcast,,2024-09-24T08:07:21.110,2024-09-24T07:09:26.423,,INPUTS_LOADED,2022-01-01T00:00:00.000,2022-01-15T00:00:00.000,,
318,768,auto_2024-01-01_2024-01-02_G6_20240923170000,1,Backcast,,2024-09-23T17:00:00.639,2024-09-23T17:05:30.943,,BATCH_SUBMITTED,2024-01-01T00:00:00.000,2024-01-02T00:00:00.000,,
317,767,BC_Jan22_Jan22_G6TestReserve0,1,Backcast,,2024-09-23T17:59:21.463,2024-09-23T17:01:29.150,,INPUTS_LOADED,2022-01-01T00:00:00.000,2022-01-15T00:00:00.000,,
316,766,auto_2024-01-01_2024-01-02_G6_20240923162812,1,Backcast,,2024-09-23T16:28:12.370,2024-09-23T16:33:22.886,,BATCH_SUBMITTED,2024-01-01T00:00:00.000,2024-01-02T00:00:00.000,,
315,765,auto_2024-01-01_2024-01-02_G6_20240923160957,1,Backcast,,2024-09-23T16:09:58.136,2024-09-23T16:10:05.070,,LOADING_INPUTS,2024-01-01T00:00:00.000,2024-01-02T00:00:00.000,,
314,764,BC_2024-01-01_2024-01-02_G6_20240923165454,1,Backcast,,2024-09-23T15:54:57.367,2024-09-23T16:07:04.540,,LOADING_INPUTS,2024-01-01T00:00:00.000,2024-01-02T00:00:00.000,,
313,763,BC_2024-01-01_2024-01-02_G6_20240923163326,1,Backcast,,2024-09-23T15:33:28.242,2024-09-23T15:54:34.360,,BATCH_SUBMITTED,2024-01-01T00:00:00.000,2024-01-02T00:00:00.000,,
312,762,BC_2024-01-01_2024-01-02_G6_20240923162801,1,Backcast,,2024-09-23T15:28:05.138,2024-09-23T15:28:05.138,,CREATED,2024-01-01T00:00:00.000,2024-01-02T00:00:00.000,,
311,761,BC_2024-01-01_2024-01-02_G6_20240923161835,1,Backcast,,2024-09-23T15:18:39.220,2024-09-23T15:18:39.220,,CREATED,2024-01-01T00:00:00.000,2024-01-02T00:00:00.000,,
310,760,BC_2024-01-01_2024-01-02_G6_20240923161128,1,Backcast,,2024-09-23T15:11:32.080,2024-09-23T15:11:32.080,,CREATED,2024-01-01T00:00:00.000,2024-01-02T00:00:00.000,,
309,759,BC_2024-01-01_2024-01-02_G6_20240923160908,1,Backcast,,2024-09-23T15:09:14.060,2024-09-23T15:09:14.060,,CREATED,2024-01-01T00:00:00.000,2024-01-02T00:00:00.000,,
308,758,BC_2024-01-01_2024-01-02_G6_20240923155511,1,Backcast,,2024-09-23T15:55:13.670,2024-09-23T15:01:21.800,,BATCH_SUBMITTED,2024-01-01T00:00:00.000,2024-01-02T00:00:00.000,,
307,757,BC_2024-01-01_2024-01-02_G6_20240923155239,1,Backcast,,2024-09-23T14:52:50.950,2024-09-23T14:52:50.950,,CREATED,2024-01-01T00:00:00.000,2024-01-02T00:00:00.000,,
306,756,BC_2024-01-01_2024-01-02_G6_20240923155024,1,Backcast,,2024-09-23T14:50:46.042,2024-09-23T14:50:46.042,,CREATED,2024-01-01T00:00:00.000,2024-01-02T00:00:00.000,,
305,755,auto_2024-01-01_2024-01-02_G6_20240923143549,1,Backcast,,2024-09-23T14:35:50.027,2024-09-23T14:35:50.027,,CREATED,2024-01-01T00:00:00.000,2024-01-02T00:00:00.000,,
304,754,BC_2024-09-23_2024-09-23_G6_20240923145041,1,Backcast,,2024-09-23T14:24:40.973,2024-09-23T14:24:40.973,,CREATED,2024-09-23T00:00:00.000,2024-09-23T00:00:00.000,,
303,753,auto_2024-01-01_2024-01-02_G6_20240923134848,1,Backcast,,2024-09-23T13:48:48.543,2024-09-23T13:48:48.543,,CREATED,2024-01-01T00:00:00.000,2024-01-02T00:00:00.000,,
302,752,auto_2024-01-01_2024-01-02_G6_20240923134313,1,Backcast,,2024-09-23T13:43:13.738,2024-09-23T13:43:13.738,,CREATED,2024-01-01T00:00:00.000,2024-01-02T00:00:00.000,,
301,751,auto_2024-01-01_2024-01-02_G6_20240923134109,1,Backcast,,2024-09-23T13:41:09.654,2024-09-23T13:41:09.654,,CREATED,2024-01-01T00:00:00.000,2024-01-02T00:00:00.000,,
300,750,auto_2024-01-01_2024-01-02_G6_20240923133509,1,Backcast,,2024-09-23T13:35:09.854,2024-09-23T13:35:09.854,,CREATED,2024-01-01T00:00:00.000,2024-01-02T00:00:00.000,,
299,749,auto_2024-01-01_2024-01-02_G6_20240923132431,1,Backcast,,2024-09-23T13:24:31.427,2024-09-23T13:24:31.427,,CREATED,2024-01-01T00:00:00.000,2024-01-02T00:00:00.000,,
298,748,auto_2024-01-01_2024-01-02_G6_20240923132026,1,Backcast,,2024-09-23T13:20:26.872,2024-09-23T13:20:26.872,,CREATED,2024-01-01T00:00:00.000,2024-01-02T00:00:00.000,,
297,747,BC_2024-09-23_2024-09-23_G6_20240923141836,1,Backcast,,2024-09-23T13:19:00.899,2024-09-23T13:19:00.899,,CREATED,2024-09-23T00:00:00.000,2024-09-23T00:00:00.000,,
296,746,BC_2024-09-23_2024-09-23_G6_20240923141654,1,Backcast,,2024-09-23T13:16:58.975,2024-09-23T13:16:58.975,,CREATED,2024-09-23T00:00:00.000,2024-09-23T00:00:00.000,,
295,745,BC_2024-09-23_2024-09-23_G6_20240923141442,1,Backcast,,2024-09-23T14:15:11.448,2024-09-23T14:15:11.448,,CREATED,2024-09-23T00:00:00.000,2024-09-23T00:00:00.000,,
294,744,auto_2024-01-01_2024-01-02_G6_20240923131102,1,Backcast,,2024-09-23T13:11:02.422,2024-09-23T13:11:02.422,,CREATED,2024-01-01T00:00:00.000,2024-01-02T00:00:00.000,,
293,743,auto_2024-01-01_2024-01-02_G6_20240923125210,1,Backcast,,2024-09-23T12:52:11.846,2024-09-23T12:52:11.846,,CREATED,2024-01-01T00:00:00.000,2024-01-02T00:00:00.000,,
292,742,auto_2024-01-01_2024-01-02_G6_20240923113448,1,Backcast,,2024-09-23T11:34:48.795,2024-09-23T11:34:48.795,,CREATED,2024-01-01T00:00:00.000,2024-01-02T00:00:00.000,,
291,741,auto_2024-01-01_2024-01-02_G6_20240923112751,1,Backcast,,2024-09-23T11:27:51.331,2024-09-23T11:27:51.331,,CREATED,2024-01-01T00:00:00.000,2024-01-02T00:00:00.000,,
290,740,auto_2024-01-01_2024-01-02_G6_20240923112553,1,Backcast,,2024-09-23T11:25:53.381,2024-09-23T11:25:53.381,,CREATED,2024-01-01T00:00:00.000,2024-01-02T00:00:00.000,,
289,739,auto_2024-01-01_2024-01-02_G6_20240923112044,1,Backcast,,2024-09-23T11:20:45.263,2024-09-23T11:20:45.263,,CREATED,2024-01-01T00:00:00.000,2024-01-02T00:00:00.000,,
288,738,auto_2024-01-01_2024-01-02_G6_20240923110515,1,Backcast,,2024-09-23T11:05:15.765,2024-09-23T10:12:33.603,,BATCH_SUBMITTED,2024-01-01T00:00:00.000,2024-01-02T00:00:00.000,,
287,737,auto_2024-01-01_2024-01-02_G6_20240923101714,1,Backcast,,2024-09-23T10:17:15.231,2024-09-23T09:20:23.180,,BATCH_SUBMITTED,2024-01-01T00:00:00.000,2024-01-02T00:00:00.000,,
286,736,auto_2024-01-01_2024-01-02_G6_20240922135931,5,Backcast,,2024-09-22T13:59:32.615,2024-09-22T13:02:43.826,,BATCH_SUBMITTED,2024-01-01T00:00:00.000,2024-01-02T00:00:00.000,,
285,735,auto_2024-01-01_2024-01-02_G6_20240922134752,5,Simulation,,2024-09-22T13:47:52.630,2024-09-22T12:56:04.273,,BATCH_SUBMITTED,2024-01-01T00:00:00.000,2024-01-02T00:00:00.000,,
284,734,auto_2024-01-01_2024-01-02_G6_20240922133307,5,Simulation,,2024-09-22T13:33:07.928,2024-09-22T12:44:04.890,,LOADING_INPUTS,2024-01-01T00:00:00.000,2024-01-02T00:00:00.000,,
283,733,auto_2024-01-01_2024-01-15_G6_20240922125953,5,Simulation,,2024-09-22T12:59:53.936,2024-09-22T12:16:22.190,,LOADING_INPUTS,2024-01-01T00:00:00.000,2024-01-15T00:00:00.000,,
282,732,auto_2024-01-01_2024-01-15_G6_20240922121028,5,Simulation,,2024-09-22T12:10:29.074,2024-09-22T11:10:37.583,,LOADING_INPUTS,2024-01-01T00:00:00.000,2024-01-15T00:00:00.000,,
281,731,auto_2024-01-01_2024-01-15_G6_20240920143915,5,Simulation,,2024-09-20T14:39:16.285,2024-09-20T13:39:24.283,,LOADING_INPUTS,2024-01-01T00:00:00.000,2024-01-15T00:00:00.000,,
280,730,auto_2024-01-01_2024-01-15_G6_20240920103607,5,Simulation,,2024-09-20T10:36:07.943,2024-09-20T10:36:07.943,,CREATED,2024-01-01T00:00:00.000,2024-01-15T00:00:00.000,,
279,729,auto_2024-01-01_2024-01-15_G6_20240920103425,5,Simulation,,2024-09-20T10:34:25.551,2024-09-20T10:34:25.551,,CREATED,2024-01-01T00:00:00.000,2024-01-15T00:00:00.000,,
278,728,auto_2024-01-01_2024-01-15_G6_20240920103147,5,Simulation,,2024-09-20T10:31:47.853,2024-09-20T10:31:47.853,,CREATED,2024-01-01T00:00:00.000,2024-01-15T00:00:00.000,,
277,727,auto_2024-01-01_2024-01-15_G6_20240920102048,5,Simulation,,2024-09-20T10:20:48.860,2024-09-20T09:28:00.526,,BATCH_SUBMITTED,2024-01-01T00:00:00.000,2024-01-15T00:00:00.000,,
276,726,auto_2024-01-01_2024-01-15_G6_20240920101943,5,Simulation,,2024-09-20T10:19:43.527,2024-09-20T10:19:43.527,,CREATED,2024-01-01T00:00:00.000,2024-01-15T00:00:00.000,,
275,725,auto_2024-01-01_2024-01-15_G6_20240920101711,5,Simulation,,2024-09-20T10:17:11.661,2024-09-20T10:17:11.661,,CREATED,2024-01-01T00:00:00.000,2024-01-15T00:00:00.000,,
274,724,auto_2023-01-01_2023-01-15_G6_20240920093438,5,Simulation,,2024-09-20T09:34:45.630,2024-09-20T08:47:53.726,,BATCH_SUBMITTED,2023-01-01T00:00:00.000,2023-01-15T00:00:00.000,,
273,723,auto_2023-01-01_2023-01-15_G6_20240920092702,5,Simulation,,2024-09-20T09:27:41.141,2024-09-20T09:27:41.141,,CREATED,2023-01-01T00:00:00.000,2023-01-15T00:00:00.000,,
272,722,daily_auto_2023-01-01_2023-01-15_G6_20240920092217,5,Simulation,,2024-09-20T09:22:39.017,2024-09-20T09:22:39.017,,CREATED,2023-01-01T00:00:00.000,2023-01-15T00:00:00.000,,
271,721,testCommonInsertFromUIProdInpsOnly7,1,Backcast,,2024-09-18T08:38:43.394,2024-09-18T07:41:13.433,,INPUTS_LOADED,2024-01-01T00:00:00.000,2024-01-02T00:00:00.000,,
270,720,testCommonInsertFromUIProdInpsOnly6,1,Backcast,,2024-09-18T08:34:54.016,2024-09-18T07:37:06.303,,INPUTS_LOADED,2024-01-01T00:00:00.000,2024-01-02T00:00:00.000,,
269,719,testCommonInsertFromUIProdInpsOnly5,1,Backcast,,2024-09-18T08:27:19.677,2024-09-18T07:29:50.873,,INPUTS_LOADED,2024-01-01T00:00:00.000,2024-01-02T00:00:00.000,,
268,718,testCommonInsertFromUIProdInpsOnly4,1,Backcast,,2024-09-18T08:18:25.273,2024-09-18T07:21:11.840,,INPUTS_LOADED,2024-01-01T00:00:00.000,2024-01-15T00:00:00.000,,
267,717,testCommonInsertFromUIProdInpsOnly3,1,Backcast,,2024-09-18T07:12:00.255,2024-09-18T07:26:23.480,,LOADING_INPUTS,2024-01-01T00:00:00.000,2024-01-15T00:00:00.000,,
266,716,testCommonInsertFromUIProdInpsOnly2,1,Backcast,,2024-09-18T07:07:35.434,2024-09-18T07:26:23.076,,LOADING_INPUTS,2024-01-01T00:00:00.000,2024-01-15T00:00:00.000,,
265,715,testCommonInsertFromUIProdInpsOnly,1,Backcast,,2024-09-18T07:05:13.779,2024-09-18T07:26:23.010,,LOADING_INPUTS,2024-01-01T00:00:00.000,2024-01-15T00:00:00.000,,
264,714,testCommonInsertFromUIProd3,1,Backcast,,2024-09-18T06:54:48.400,2024-09-18T06:59:52.036,,BATCH_SUBMITTED,2024-01-01T00:00:00.000,2024-01-15T00:00:00.000,,
263,713,testCommonInsertFromUIProd2,1,Backcast,,2024-09-18T06:25:36.309,2024-09-18T06:36:50.836,,LOADING_INPUTS,2024-01-01T00:00:00.000,2024-01-15T00:00:00.000,,
262,712,testCommonInsertFromUIProd,1,Backcast,,2024-09-18T06:09:24.420,2024-09-18T06:09:24.420,,CREATED,2024-01-01T00:00:00.000,2024-01-15T00:00:00.000,,
261,711,testCommonInsertFromUI2,1,Backcast,,2024-09-17T16:46:36.583,2024-09-17T15:49:42.243,,BATCH_SUBMITTED,2024-01-01T00:00:00.000,2024-01-15T00:00:00.000,,
260,710,testCommonInsertFromUI1,1,Backcast,,2024-09-17T16:34:04.289,2024-09-17T15:34:07.193,,LOADING_INPUTS,2024-01-01T00:00:00.000,2024-01-15T00:00:00.000,,
259,709,testCommonInsertFromUI,1,Backcast,,2024-09-17T16:32:52.658,2024-09-17T16:32:52.658,,CREATED,2024-01-01T00:00:00.000,2024-01-15T00:00:00.000,,
258,708,BC_Jan22_Jan22_G6CommonInsertDebug5,1,Backcast,,2024-09-16T18:16:16.230,2024-09-16T17:20:51.056,,INPUTS_LOADED,2022-01-01T00:00:00.000,2022-01-15T00:00:00.000,,
257,707,BC_Jan22_Jan22_G6CommonInsertDebug4,1,Backcast,,2024-09-13T18:09:37.535,2024-09-13T17:12:04.960,,INPUTS_LOADED,2022-01-01T00:00:00.000,2022-01-15T00:00:00.000,,
256,706,BC_Jan22_Jan22_G6CommonInsertDebug2,1,Backcast,,2024-09-13T18:00:23.773,2024-09-13T17:00:26.130,,LOADING_INPUTS,2022-01-01T00:00:00.000,2022-01-15T00:00:00.000,,
255,705,BC_Jan22_Jan22_G6CommonInsertDebug1,1,Backcast,,2024-09-13T17:46:18.496,2024-09-13T16:46:20.283,,LOADING_INPUTS,2022-01-01T00:00:00.000,2022-01-15T00:00:00.000,,
254,704,BC_Jan22_Jan22_G6CommonInsertDebug0,1,Backcast,,2024-09-13T17:40:38.567,2024-09-13T16:40:40.183,,LOADING_INPUTS,2022-01-01T00:00:00.000,2022-01-15T00:00:00.000,,
253,702,testRunFromUIOnAzure,1,Backcast,,2024-09-11T14:21:05.705,2024-09-11T14:27:44.743,,BATCH_SUBMITTED,2024-01-01T00:00:00.000,2024-01-15T00:00:00.000,,
252,701,BC_2022-07-01_2022-07-15_G6_20240911094059,1,Backcast,,2024-09-11T08:43:33.769,2024-09-11T08:49:52.133,,BATCH_SUBMITTED,2022-07-01T00:00:00.000,2022-07-15T00:00:00.000,,
251,700,BC_2024-02-01_2024-02-15_G6_20240911080958,1,Backcast,,2024-09-11T07:10:13.581,2024-09-11T07:15:16.983,,BATCH_SUBMITTED,2024-02-01T00:00:00.000,2024-02-15T00:00:00.000,,
250,699,BC_2024-02-01_2024-02-15_G6_20240911073413,1,Backcast,,2024-09-11T06:34:24.433,2024-09-11T06:39:29.170,,BATCH_SUBMITTED,2024-02-01T00:00:00.000,2024-02-15T00:00:00.000,,
249,698,BC_2024-09-10_2024-09-10_G6_20240910231740,1,Backcast,,2024-09-10T22:17:45.580,2024-09-10T22:37:35.143,,LOADING_INPUTS,2024-09-10T00:00:00.000,2024-09-10T00:00:00.000,,
248,697,BC_2024-01-01_2024-01-15_G6_20240910181132,1,Backcast,,2024-09-10T17:11:35.384,2024-09-10T17:26:13.810,,BATCH_SUBMITTED,2024-01-01T00:00:00.000,2024-01-15T00:00:00.000,,
247,696,BC_2024-01-01_2024-01-15_G6_20240910162036,1,Backcast,,2024-09-10T15:21:58.005,2024-09-10T17:10:46.016,,BATCH_SUBMITTED,2024-01-01T00:00:00.000,2024-01-15T00:00:00.000,,
246,695,BC_2022-01-01_2022-01-15_G1_20240910144116,1,Backcast,,2024-09-10T14:42:44.855,2024-09-12T01:20:23.990,,AVAILABLE,2022-01-01T00:00:00.000,2022-01-15T00:00:00.000,,
245,694,BC_2022-01-01_2022-01-15_G1_20240910123349,1,Backcast,,2024-09-10T12:33:51.722,2024-09-10T11:38:00.143,,BATCH_SUBMITTED,2022-01-01T00:00:00.000,2022-01-15T00:00:00.000,,
244,693,BC_2022-01-01_2022-01-15_G1_20240910122725,1,Backcast,,2024-09-10T12:27:29.028,2024-09-10T11:28:12.150,,LOADING_INPUTS,2022-01-01T00:00:00.000,2022-01-15T00:00:00.000,,
243,692,BC_2022-01-01_2022-01-15_G1_20240910122250,1,Backcast,,2024-09-10T12:23:16.203,2024-09-10T11:23:20.760,,LOADING_INPUTS,2022-01-01T00:00:00.000,2022-01-15T00:00:00.000,,
242,691,BC_2022-01-01_2022-01-15_G1_20240910121208,1,Backcast,,2024-09-10T12:12:11.320,2024-09-10T11:27:23.700,,LOADING_INPUTS,2022-01-01T00:00:00.000,2022-01-15T00:00:00.000,,
241,690,BC_2022-01-01_2022-01-15_G1_20240910113008,1,Backcast,,2024-09-10T11:30:11.185,2024-09-10T11:12:00.190,,BATCH_SUBMITTED,2022-01-01T00:00:00.000,2022-01-15T00:00:00.000,,
240,689,BC_2022-01-01_2022-01-15_G1_20240910103858,1,Backcast,,2024-09-10T10:39:10.011,2024-09-10T10:29:56.093,,BATCH_SUBMITTED,2022-01-01T00:00:00.000,2022-01-15T00:00:00.000,,
239,687,BC_2022-01-01_2024-01-01_G1_20240910064007,1,Backcast,,2024-09-10T06:43:19.449,2024-09-10T06:08:26.763,,BATCH_SUBMITTED,2022-01-01T00:00:00.000,2024-01-01T00:00:00.000,,
238,686,BC_2022-01-01_2024-01-01_G1_20240909211124,1,Backcast,,2024-09-09T21:17:27.166,2024-09-09T20:42:41.196,,BATCH_SUBMITTED,2022-01-01T00:00:00.000,2024-01-01T00:00:00.000,,
237,685,BC_2022-01-01_2024-01-01_G1_20240909210537,1,Backcast,,2024-09-09T21:08:19.887,2024-09-09T20:09:05.560,,BATCH_SUBMITTED,2022-01-01T00:00:00.000,2024-01-01T00:00:00.000,,
236,684,testFuncAppVNET,1,Backcast,,2024-09-09T19:02:07.436,2024-09-09T18:07:10.156,,INPUTS_LOADED,2024-02-01T00:00:00.000,2024-02-15T00:00:00.000,,
235,683,testFuncApp4,1,Backcast,,2024-09-09T17:29:30.762,2024-09-09T16:34:40.523,,LOADING_INPUTS,2024-02-01T00:00:00.000,2024-02-15T00:00:00.000,,
234,681,testFuncApp3,1,Backcast,,2024-09-09T16:55:34.492,2024-09-09T16:04:30.873,,INPUTS_LOADED,2024-02-01T00:00:00.000,2024-02-15T00:00:00.000,,
233,680,testFuncApp2,1,Backcast,,2024-09-09T16:23:14.929,2024-09-09T15:23:17.970,,LOADING_INPUTS,2024-02-01T00:00:00.000,2024-02-15T00:00:00.000,,
232,679,testFuncApp,1,Backcast,,2024-09-09T16:12:56.137,2024-09-09T15:12:59.150,,LOADING_INPUTS,2024-02-01T00:00:00.000,2024-02-15T00:00:00.000,,
231,678,createBody2,1,Backcast,,2024-09-09T15:30:41.294,2024-09-09T15:30:41.294,,CREATED,2024-02-01T00:00:00.000,2024-02-15T00:00:00.000,,
230,677,createBody,1,Backcast,,2024-08-23T10:24:43.594,2024-08-23T10:24:43.594,,CREATED,2024-02-01T00:00:00.000,2024-02-15T00:00:00.000,,
229,676,BC_2024-02-01_2024-02-15_G6_20240823102121,1,Backcast,,2024-08-23T10:21:58.689,2024-08-23T10:21:58.689,,CREATED,2024-02-01T00:00:00.000,2024-02-15T00:00:00.000,,
228,675,BC_2022-01-01_2024-06-30_G6,1,Backcast,,2024-08-23T08:50:15.217,2024-08-23T08:03:42.670,,BATCH_SUBMITTED,2022-01-01T00:00:00.000,2024-06-30T00:00:00.000,,
227,674,BC_2022-01-01_2024-07-31_G6_5,1,Backcast,,2024-08-23T08:28:43.239,2024-08-23T07:28:45.030,,LOADING_INPUTS,2022-01-01T00:00:00.000,2024-07-31T00:00:00.000,,
226,673,BC_testUpload,1,Backcast,,2024-08-23T08:18:03.813,2024-08-23T07:28:14.523,,INPUTS_LOADED,2024-07-01T00:00:00.000,2024-07-31T00:00:00.000,,
225,672,BC_2022-01-01_2024-07-31_G6_4,1,Backcast,,2024-08-23T07:33:48.703,2024-08-23T06:33:50.396,,LOADING_INPUTS,2022-01-01T00:00:00.000,2024-07-31T00:00:00.000,,
224,671,BC_2022-01-01_2024-07-31_G6_3,1,Simulation,,2024-08-23T07:31:34.552,2024-08-23T06:31:36.406,,LOADING_INPUTS,2024-02-01T00:00:00.000,2024-02-15T00:00:00.000,,
223,670,BC_2022-01-01_2024-07-31_G6_2,1,Simulation,,2024-08-23T00:23:45.468,2024-08-23T04:50:54.666,,BATCH_SUBMITTED,2024-02-01T00:00:00.000,2024-02-15T00:00:00.000,,
222,669,BC_2022-01-01_2024-07-31_G6,1,Backcast,,2024-08-22T23:28:33.946,2024-09-09T14:21:45.786,,LOADING_INPUTS,2022-01-01T00:00:00.000,2024-07-31T00:00:00.000,,
221,668,2024-03-01_2024-03-31_G6_20240822225751,200,Simulation,,2024-08-22T22:59:01.696,2024-08-22T22:05:24.050,,BATCH_SUBMITTED,2024-03-01T00:00:00.000,2024-03-31T00:00:00.000,,
220,667,2024-02-01_2024-02-15_G6_20240822222906,2,Simulation,,2024-08-22T22:29:07.975,2024-08-22T22:29:07.975,,CREATED,2024-02-01T00:00:00.000,2024-02-15T00:00:00.000,,
219,666,2024-02-01_2024-02-15_G6_20240822221101,2,Simulation,,2024-08-22T22:11:06.159,2024-08-22T22:11:06.159,,CREATED,2024-02-01T00:00:00.000,2024-02-15T00:00:00.000,,
218,665,2024-02-01_2024-02-15_G6_20240822220517,2,Simulation,,2024-08-22T22:05:23.042,2024-08-22T22:05:23.042,,CREATED,2024-02-01T00:00:00.000,2024-02-15T00:00:00.000,,
217,664,2024-02-01_2024-02-15_G6_20240822211607,2,Simulation,,2024-08-22T21:16:09.998,2024-08-22T21:16:09.998,,CREATED,2024-02-01T00:00:00.000,2024-02-15T00:00:00.000,,
216,663,2024-02-01_2024-02-15_G6_20240822211308,2,Simulation,,2024-08-22T21:13:10.545,2024-08-22T21:13:10.545,,CREATED,2024-02-01T00:00:00.000,2024-02-15T00:00:00.000,,
215,662,2024-02-01_2024-02-15_G6_20240822211149,2,Simulation,,2024-08-22T21:12:05.959,2024-08-22T21:12:05.959,,CREATED,2024-02-01T00:00:00.000,2024-02-15T00:00:00.000,,
214,661,2024-02-01_2024-02-15_G6_20240822170054,2,Simulation,,2024-08-22T17:01:08.615,2024-08-22T17:01:08.615,,CREATED,2024-02-01T00:00:00.000,2024-02-15T00:00:00.000,,
213,658,2024-02-01_2024-02-15_G6_20240822101955,1,Simulation,,2024-08-22T10:20:03.149,2024-08-22T10:21:21.676,,BATCH_SUBMITTED,2024-02-01T00:00:00.000,2024-02-15T00:00:00.000,,
212,657,2024-02-01_2024-02-15_G6_20240822101844,1,Simulation,,2024-08-22T10:18:49.509,2024-08-22T10:18:49.509,,CREATED,2024-02-01T00:00:00.000,2024-02-15T00:00:00.000,,
211,656,FC_Feb24_Feb24_G6DebutBatchCommonData5,1,Simulation,,2024-08-22T08:06:36.872,2024-08-22T07:39:37.616,,BATCH_SUBMITTED,2024-02-01T00:00:00.000,2024-02-15T00:00:00.000,,
210,655,FC_Feb24_Feb24_G6DebutBatchCommonData4,1,Simulation,,2024-08-22T07:08:33.495,2024-08-22T06:13:11.476,,INPUTS_LOADED,2024-02-01T00:00:00.000,2024-02-15T00:00:00.000,,
209,654,FC_Feb24_Feb24_G6DebutBatchCommonData3,1,Simulation,,2024-08-21T22:25:11.597,2024-08-21T21:30:42.263,,INPUTS_LOADED,2024-02-01T00:00:00.000,2024-02-15T00:00:00.000,,
208,653,FC_Feb24_Feb24_G6DebutBatchCommonData2,1,Simulation,,2024-08-21T22:17:11.926,2024-08-21T21:17:13.536,,LOADING_INPUTS,2024-02-01T00:00:00.000,2024-02-15T00:00:00.000,,
207,652,FC_Feb24_Feb24_G6DebutBatchCommonData,1,Simulation,,2024-08-21T22:03:28.973,2024-08-21T21:08:00.883,,INPUTS_LOADED,2024-02-01T00:00:00.000,2024-02-15T00:00:00.000,,
206,651,BC_2024-02-01_2024-02-02_G6_20240820181325,1,Backcast,,2024-08-20T18:13:27.204,2024-08-21T18:23:29.986,,UNAVAILABLE,2024-02-01T00:00:00.000,2024-02-02T00:00:00.000,,
205,650,BC_2024-02-01_2024-02-02_G6_20240820180333,1,Backcast,,2024-08-20T18:03:43.297,2024-08-21T18:01:45.413,,UNAVAILABLE,2024-02-01T00:00:00.000,2024-02-02T00:00:00.000,,
204,649,BC_2024-02-01_2024-02-02_G6_20240820175827,1,Backcast,,2024-08-20T17:59:10.523,2024-08-21T18:21:06.640,,UNAVAILABLE,2024-02-01T00:00:00.000,2024-02-02T00:00:00.000,,
203,647,BC_2024-08-20_2024-08-20_G6_20240820174732,1,Backcast,,2024-08-20T17:54:42.478,2024-08-20T17:10:42.976,,INPUTS_LOADED,2024-02-01T00:00:00.000,2024-02-02T00:00:00.000,,
202,646,BC_2024-02-01_2024-02-15_G6_20240818200557,1,Backcast,,2024-08-18T20:06:05.329,2024-08-18T19:08:38.676,,INPUTS_LOADED,2024-02-01T00:00:00.000,2024-02-15T00:00:00.000,,
201,645,2024-02-01_2024-02-15_G6_20240818194238,1,Simulation,,2024-08-18T19:43:17.040,2024-08-21T22:00:15.956,,BATCH_SUBMITTED,2024-02-01T00:00:00.000,2024-02-15T00:00:00.000,,
200,644,2024-02-01_2024-02-03_G6_20240818193942,1,Simulation,,2024-08-18T19:39:59.450,2024-08-18T18:56:14.923,,INPUTS_LOADED,2024-02-01T00:00:00.000,2024-02-03T00:00:00.000,,
199,643,2024-02-01_2024-02-15_G6_20240818192901,1,Simulation,,2024-08-18T19:29:05.732,2024-08-18T18:56:47.483,,INPUTS_LOADED,2024-02-01T00:00:00.000,2024-02-15T00:00:00.000,,
198,642,2024-02-01_2024-02-15_G6_20240818192015,1,Simulation,,2024-08-18T19:20:17.118,2024-08-18T18:24:47.190,,INPUTS_LOADED,2024-02-01T00:00:00.000,2024-02-15T00:00:00.000,,
197,641,2024-02-01_2024-02-15_G6_20240818191231,1,Simulation,,2024-08-18T19:12:35.688,2024-08-18T19:12:35.688,,CREATED,2024-02-01T00:00:00.000,2024-02-15T00:00:00.000,,
196,640,2024-02-01_2024-02-15_G6_20240818191205,1,Simulation,,2024-08-18T19:12:07.070,2024-08-18T19:12:07.070,,CREATED,2024-02-01T00:00:00.000,2024-02-15T00:00:00.000,,
195,639,2024-02-01_2024-02-15_G6_20240818191053,1,Simulation,,2024-08-18T19:10:55.757,2024-08-18T19:10:55.757,,CREATED,2024-02-01T00:00:00.000,2024-02-15T00:00:00.000,,
194,638,BC_2024-08-18_2024-08-18_G6_20240818190757,1,Backcast,,2024-08-18T19:08:49.442,2024-08-18T19:08:49.442,,CREATED,2024-08-18T00:00:00.000,2024-08-18T00:00:00.000,,
193,637,2024-02-01_2024-02-15_G6_20240818175910,1,Simulation,,2024-08-18T17:59:24.477,2024-08-18T17:03:58.706,,INPUTS_LOADED,2024-02-01T00:00:00.000,2024-02-15T00:00:00.000,,
192,636,2024-02-01_2024-02-15_G6_20240818174442,1,Simulation,,2024-08-18T17:44:43.844,2024-08-18T16:49:04.600,,INPUTS_LOADED,2024-02-01T00:00:00.000,2024-02-15T00:00:00.000,,
191,635,2024-02-01_2024-02-15_G6_20240818173344,1,Simulation,,2024-08-18T17:33:45.599,2024-08-18T16:38:17.253,,INPUTS_LOADED,2024-02-01T00:00:00.000,2024-02-15T00:00:00.000,,
190,634,2024-02-01_2024-02-15_G6_20240818170909,1,Simulation,,2024-08-18T17:09:09.956,2024-08-18T16:13:36.666,,INPUTS_LOADED,2024-02-01T00:00:00.000,2024-02-15T00:00:00.000,,
189,633,2024-02-01_2024-02-15_G6_20240818165800,1,Simulation,,2024-08-18T16:58:01.373,2024-08-18T16:02:29.736,,INPUTS_LOADED,2024-02-01T00:00:00.000,2024-02-15T00:00:00.000,,
188,632,2024-02-01_2024-02-15_G6_20240818130237,1,Simulation,,2024-08-18T13:02:38.779,2024-08-18T12:08:27.430,,INPUTS_LOADED,2024-02-01T00:00:00.000,2024-02-15T00:00:00.000,,
187,631,2024-02-01_2024-02-15_G6_20240818093951,1,Simulation,,2024-08-18T09:39:52.821,2024-08-18T08:44:10.463,,INPUTS_LOADED,2024-02-01T00:00:00.000,2024-02-15T00:00:00.000,,
186,630,2024-01-02_2024-01-15_G6_20240816183059,1,Simulation,,2024-08-16T18:31:01.014,2024-08-16T17:35:55.830,,INPUTS_LOADED,2024-01-02T00:00:00.000,2024-01-15T00:00:00.000,,
185,629,2024-01-02_2024-01-15_G6_20240816182414,1,Simulation,,2024-08-16T18:24:26.408,2024-08-16T17:24:27.986,,LOADING_INPUTS,2024-01-02T00:00:00.000,2024-01-15T00:00:00.000,,
184,627,2024-01-02_2024-01-15_G6_20240816180001,1,Simulation,,2024-08-16T18:06:52.619,2024-08-16T17:06:54.886,,LOADING_INPUTS,2024-01-02T00:00:00.000,2024-01-15T00:00:00.000,,
183,626,2024-01-02_2024-01-15_G6_20240816180601,1,Simulation,,2024-08-16T18:06:02.053,2024-08-16T17:06:03.940,,LOADING_INPUTS,2024-01-02T00:00:00.000,2024-01-15T00:00:00.000,,
182,625,2024-01-02_2024-01-15_G6_20240816180511,1,Simulation,,2024-08-16T18:05:14.784,2024-08-16T18:05:14.784,,CREATED,2024-01-02T00:00:00.000,2024-01-15T00:00:00.000,,
181,624,2024-01-02_2024-01-15_G6_20240816180339,1,Simulation,,2024-08-16T18:03:59.542,2024-08-16T18:03:59.542,,CREATED,2024-01-02T00:00:00.000,2024-01-15T00:00:00.000,,
180,623,BC_Jan24_Jan24_G6commonData10,1,Backcast,,2024-08-16T13:27:00.888,2024-08-16T12:38:17.833,,INPUTS_LOADED,2024-01-01T00:00:00.000,2024-01-15T00:00:00.000,,
179,622,BC_Jan24_Jan24_G6debugNewUnit,1,Backcast,,2024-08-16T12:01:35.301,2024-08-16T11:04:09.706,,INPUTS_LOADED,2024-01-01T00:00:00.000,2024-01-15T00:00:00.000,,
178,621,BC_Jan24_Jan24_G6commonData9,1,Backcast,,2024-08-16T10:56:12.307,2024-08-16T10:02:23.090,,INPUTS_LOADED,2024-01-01T00:00:00.000,2024-01-15T00:00:00.000,,
177,620,BC_Jan24_Jan24_G6commonData8,1,Backcast,,2024-08-16T10:53:10.578,2024-08-16T10:53:10.578,,CREATED,2024-01-01T00:00:00.000,2024-01-15T00:00:00.000,,
176,619,BC_Jan24_Jan24_G6commonData6,1,Backcast,,2024-08-16T08:28:15.270,2024-08-16T07:44:35.356,,INPUTS_LOADED,2024-01-01T00:00:00.000,2024-01-15T00:00:00.000,,
175,618,BC_Jan24_Jan24_G6commonData5,1,Backcast,,2024-08-16T08:24:08.297,2024-08-16T07:24:09.950,,LOADING_INPUTS,2024-01-01T00:00:00.000,2024-01-15T00:00:00.000,,
174,617,BC_Jan24_Jan24_G6commonData4,1,Backcast,,2024-08-16T08:19:41.972,2024-08-16T07:19:43.736,,LOADING_INPUTS,2024-01-01T00:00:00.000,2024-01-15T00:00:00.000,,
173,616,BC_Jan24_Jan24_G6commonData3,1,Backcast,,2024-08-15T17:37:45.728,2024-08-15T16:37:47.500,,LOADING_INPUTS,2024-01-01T00:00:00.000,2024-01-15T00:00:00.000,,
172,615,BC_Jan24_Jan24_G6commonData2,1,Backcast,,2024-08-15T17:32:43.329,2024-08-15T16:32:45.010,,LOADING_INPUTS,2024-01-01T00:00:00.000,2024-01-15T00:00:00.000,,
171,614,BC_Jan24_Jan24_G6commonData1,1,Backcast,,2024-08-15T17:22:14.901,2024-08-15T16:22:16.613,,LOADING_INPUTS,2024-01-01T00:00:00.000,2024-01-15T00:00:00.000,,
170,613,BC_Jan24_Jan24_G6commonData0,1,Backcast,,2024-08-15T17:14:56.496,2024-08-15T16:14:58.206,,LOADING_INPUTS,2024-01-01T00:00:00.000,2024-01-15T00:00:00.000,,
169,612,BC_Jan24_Jan24_G6,1,Backcast,,2024-08-15T17:11:31.187,2024-08-15T16:11:32.843,,LOADING_INPUTS,2024-01-01T00:00:00.000,2024-01-15T00:00:00.000,,
168,611,2024-01-02_2024-01-12_G6_20240815122426,1,Simulation,,2024-08-15T12:24:27.834,2024-08-15T11:30:12.346,,INPUTS_LOADED,2024-01-02T00:00:00.000,2024-01-12T00:00:00.000,,
167,610,2024-01-02_2024-01-12_G6_20240815121217,1,Simulation,,2024-08-15T12:12:18.907,2024-08-15T11:12:21.483,,LOADING_INPUTS,2024-01-02T00:00:00.000,2024-01-12T00:00:00.000,,
166,609,BC_2024-01-01_2024-01-31_G6_20240814175413,1,Backcast,,2024-08-14T17:54:27.539,2024-09-13T07:58:26.283,,AVAILABLE,2024-01-01T00:00:00.000,2024-01-31T00:00:00.000,,
165,608,BC_2024-01-01_2024-01-31_G6_20240814090452,1,Backcast,,2024-08-14T09:04:53.792,2024-08-14T08:07:51.243,,INPUTS_LOADED,2024-01-01T00:00:00.000,2024-01-31T00:00:00.000,,
164,606,BC_2024-01-01_2024-01-31_G6_20240814090250,1,Backcast,,2024-08-14T09:03:00.500,2024-08-14T09:03:00.500,,CREATED,2024-01-01T00:00:00.000,2024-01-31T00:00:00.000,,
163,605,BC_2024-01-01_2024-01-02_G6_20240814083132,1,Backcast,,2024-08-14T08:37:22.328,2024-08-14T08:37:22.328,,CREATED,2024-01-01T00:00:00.000,2024-01-02T00:00:00.000,,
162,604,BC_2024-01-01_2024-01-31_G6_20240814080807,1,Backcast,,2024-08-14T08:08:07.764,2024-08-14T07:11:13.830,,INPUTS_LOADED,2024-01-01T00:00:00.000,2024-01-31T00:00:00.000,,
161,603,BC_2024-01-01_2024-01-31_G6_20240814075741,1,Backcast,,2024-08-14T07:57:42.390,2024-08-14T07:00:41.020,,INPUTS_LOADED,2024-01-01T00:00:00.000,2024-01-31T00:00:00.000,,
160,602,BC_2024-01-01_2024-01-02_G6_20240813201150,1,Backcast,,2024-08-13T20:11:51.144,2024-08-13T19:14:51.480,,INPUTS_LOADED,2024-01-01T00:00:00.000,2024-01-02T00:00:00.000,,
159,601,BC_2024-01-01_2024-01-02_G6_20240813200951,1,Backcast,,2024-08-13T20:09:51.497,2024-08-13T19:13:35.373,,INPUTS_LOADED,2024-01-01T00:00:00.000,2024-01-02T00:00:00.000,,
158,600,BC_2024-01-01_2024-01-10_G6_20240813200850,1,Backcast,,2024-08-13T20:08:50.769,2024-08-13T19:12:27.130,,INPUTS_LOADED,2024-01-01T00:00:00.000,2024-01-10T00:00:00.000,,
157,599,2024-01-01_2024-01-31_G6_20240813195959,1,Simulation,,2024-08-13T19:59:59.972,2024-08-13T19:00:01.606,,LOADING_INPUTS,2024-01-01T00:00:00.000,2024-01-31T00:00:00.000,,
156,598,2024-01-01_2024-01-31_G6_20240813195915,1,Simulation,,2024-08-13T19:59:16.216,2024-08-13T18:59:17.883,,LOADING_INPUTS,2024-01-01T00:00:00.000,2024-01-31T00:00:00.000,,
155,596,BC_2024-01-01_2024-01-31_G6_20240813105209,1,Backcast,,2024-08-13T10:52:10.982,2024-08-13T09:57:54.033,,INPUTS_LOADED,2024-01-01T00:00:00.000,2024-01-31T00:00:00.000,,
154,595,BC_2024-01-01_2024-01-31_G6_20240813101935,1,Backcast,,2024-08-13T10:19:37.475,2024-08-13T09:19:40.076,,LOADING_INPUTS,2024-01-01T00:00:00.000,2024-01-31T00:00:00.000,,
153,594,BC_2024-01-01_2024-01-31_G6_20240813094314,1,Backcast,,2024-08-13T09:43:15.398,2024-08-13T08:46:21.870,,INPUTS_LOADED,2024-01-01T00:00:00.000,2024-01-31T00:00:00.000,,
152,593,BC_2024-08-13_2024-08-13_G6_20240813093646,1,Backcast,,2024-08-13T09:36:51.274,2024-08-13T08:36:52.733,,LOADING_INPUTS,2024-08-13T00:00:00.000,2024-08-13T00:00:00.000,,
151,592,2024-08-01_2024-08-12_G6_20240812195102,1,Simulation,,2024-08-12T19:51:29.008,2024-08-12T18:51:31.476,,LOADING_INPUTS,2024-08-01T00:00:00.000,2024-08-12T00:00:00.000,,
150,591,testAF2,1,Backcast,,2024-08-09T10:19:18.484,2024-08-12T10:41:39.980,,TEST2,2024-01-01T00:00:00.000,2024-01-31T00:00:00.000,,
149,590,testAF1,1,Backcast,,2024-08-09T10:04:04.452,2024-08-09T09:04:06.730,,LOADING_INPUTS,2024-01-01T00:00:00.000,2024-01-31T00:00:00.000,,
148,588,testAF0,1,Backcast,,2024-08-08T10:49:53.369,2024-08-08T09:49:56.736,,LOADING_INPUTS,2024-01-01T00:00:00.000,2024-01-31T00:00:00.000,,
147,586,BC_Jan24_Jun24_G6,1,Backcast,,2024-07-31T11:39:53.602,2024-08-22T08:33:37.960,,AVAILABLE,2024-01-01T00:00:00.000,2024-06-30T00:00:00.000,,
146,585,BC_Jan22_May24_G6MGv4TKOCHBNewAvs2,1,Backcast,,2024-07-17T09:52:29.366,2024-09-13T08:36:55.586,,UNAVAILABLE,2022-01-01T00:00:00.000,2024-05-31T00:00:00.000,,
145,584,BC_Jan22_May24_G6MGv4TKOCHBNewAvs,1,Backcast,,2024-07-17T09:45:53.994,2024-07-17T08:45:55.840,,LOADING_INPUTS,2022-01-01T00:00:00.000,2024-05-31T00:00:00.000,,
144,583,BC_Jan22_May24_G6MGv4,1,Backcast,,2024-07-16T18:03:20.381,2024-10-01T02:13:41.870,,AVAILABLE,2022-01-01T00:00:00.000,2024-05-31T00:00:00.000,,
143,582,BC_Jan22_May24_G6OldMGv3,1,Backcast,,2024-07-16T14:00:52.256,2024-09-30T08:30:09.840,,AVAILABLE,2022-01-01T00:00:00.000,2024-05-31T00:00:00.000,,
142,581,BC_Jan22_May24_G2MGv4TKOCHBCurt,1,Backcast,,2024-07-16T11:12:03.633,2024-07-16T10:51:03.360,,INPUTS_LOADED,2022-01-01T00:00:00.000,2024-05-31T00:00:00.000,,
141,580,BC_Jan22_May24_G6MGv4TKOCHBCurt,1,Backcast,,2024-07-16T10:50:01.557,2024-07-29T14:40:40.660,,UNVALIDATED,2022-01-01T00:00:00.000,2024-05-31T00:00:00.000,,
140,579,BC_Jan22_May24_G6MGv4TKOCHBbis,1,Backcast,,2024-07-16T00:49:22.828,2024-09-30T08:31:02.150,,AVAILABLE,2022-01-01T00:00:00.000,2024-05-31T00:00:00.000,,
139,578,BC_Jan22_May24_G6OldMGv3CurtFixv2,1,Backcast,,2024-07-16T00:36:54.241,2024-07-29T14:41:33.520,,UNVALIDATED,2022-01-01T00:00:00.000,2024-05-31T00:00:00.000,,
138,577,BC_Jan22_May24_G6OldMGv3CurtFix,1,Backcast,,2024-07-15T17:56:03.526,2024-07-29T14:41:39.806,,UNVALIDATED,2022-01-01T00:00:00.000,2024-05-31T00:00:00.000,,
137,576,BC_Dec23_May24_G6OldMGv3CurtFix,1,Backcast,,2024-07-15T17:39:08.734,2024-07-15T16:46:18.130,,INPUTS_LOADED,2023-12-31T00:00:00.000,2024-05-31T00:00:00.000,,
136,575,BC_Jan22_May24_G6OldMGv3Curt0,1,Backcast,,2024-07-15T16:52:59.653,2024-07-15T16:17:55.630,,INPUTS_LOADED,2022-01-01T00:00:00.000,2024-05-31T00:00:00.000,,
135,574,BC_Mar24_May24_G4OldMGv3Curt0,1,Backcast,,2024-07-15T16:39:18.791,2024-09-30T08:31:53.346,,AVAILABLE,2024-03-31T00:00:00.000,2024-05-31T00:00:00.000,,
134,573,BC_Mar24_May24_G4MGv4,1,Backcast,,2024-07-15T15:06:06.229,2024-07-29T16:20:29.040,,UNVALIDATED,2024-03-31T00:00:00.000,2024-05-31T00:00:00.000,,
133,572,BC_Apr24_May24_G4MGv4,1,Backcast,,2024-07-15T14:04:57.107,2024-07-15T13:12:59.686,,INPUTS_LOADED,2024-04-01T00:00:00.000,2024-05-31T00:00:00.000,,
132,571,BC_Jan22_May24_G6MGv4TKOCHBOldv3,1,Backcast,,2024-07-15T11:33:33.828,2024-09-30T08:31:53.346,,AVAILABLE,2022-01-01T00:00:00.000,2024-05-31T00:00:00.000,,
131,570,BC_Jan22_May24_G6MGv4TKOOldv3,1,Backcast,,2024-07-15T11:32:50.634,2024-09-30T08:31:53.346,,AVAILABLE,2022-01-01T00:00:00.000,2024-05-31T00:00:00.000,,
130,569,BC_Jan22_May24_G6MGv4_old,1,Backcast,,2024-07-15T11:32:06.601,2024-07-29T16:29:49.956,,UNVALIDATED,2022-01-01T00:00:00.000,2024-05-31T00:00:00.000,,
129,568,BC_Jan22_May24_G6OldMGv3_old,1,Backcast,,2024-07-15T11:31:17.895,2024-09-30T03:03:15.470,,UNVALIDATED,2022-01-01T00:00:00.000,2024-05-31T00:00:00.000,,
128,567,BC_Jan22_May24_G6MGv3,1,Backcast,,2024-07-15T11:30:44.550,2024-09-24T11:36:42.113,,AVAILABLE,2022-01-01T00:00:00.000,2024-05-31T00:00:00.000,,
127,566,BC_Jan24_Jun24_G1OldMGWithActualsv8,1,Backcast,,2024-07-14T13:14:48.779,2024-09-30T08:31:53.346,,AVAILABLE,2024-01-01T00:00:00.000,2024-06-30T00:00:00.000,,
126,565,BC_Jan24_Jun24_G1ldMGWithActualsv7,1,Backcast,,2024-07-12T18:13:04.897,2024-07-12T17:21:29.693,,INPUTS_LOADED,2024-01-01T00:00:00.000,2024-06-30T00:00:00.000,,
125,563,BC_Jan24_Jun24_G1OldMGCWithCurtailment,1,Backcast,,2024-07-12T18:01:12.449,2024-07-12T17:01:15.796,,LOADING_INPUTS,2024-01-01T00:00:00.000,2024-06-30T00:00:00.000,,
124,562,BC_Jan24_Jun24_G1OldMGWithActualsv6,1,Backcast,,2024-07-12T17:52:37.890,2024-07-12T17:00:14.550,,INPUTS_LOADED,2024-01-01T00:00:00.000,2024-06-30T00:00:00.000,,
123,561,BC_Jan24_Jun24_G1OldMGWithActualsv5,1,Backcast,,2024-07-12T17:40:22.921,2024-07-12T16:40:24.483,,LOADING_INPUTS,2024-01-01T00:00:00.000,2024-06-30T00:00:00.000,,
122,560,BC_Jan24_Jun24_G1OldMGWithActualsv4,1,Backcast,,2024-07-12T17:37:09.664,2024-07-12T16:37:11.223,,LOADING_INPUTS,2024-01-01T00:00:00.000,2024-06-30T00:00:00.000,,
121,559,BC_Jan24_Jun24_G1OldMGWithActualsv3,1,Backcast,,2024-07-12T17:23:31.644,2024-07-12T16:23:33.186,,LOADING_INPUTS,2024-01-01T00:00:00.000,2024-06-30T00:00:00.000,,
120,558,BC_Jan24_Jun24_G1OldMGWithActualsv2,1,Backcast,,2024-07-12T17:19:10.705,2024-07-12T16:19:12.310,,LOADING_INPUTS,2024-01-01T01:00:00.000,2024-06-30T00:00:00.000,,
119,557,BC_Jan24_Jun24_G1OldMGWithActuals,1,Backcast,,2024-07-12T17:16:16.570,2024-07-12T16:16:18.663,,LOADING_INPUTS,2024-01-01T01:00:00.000,2024-06-30T00:00:00.000,,
118,556,BC_Dec23_Jun24_G1OldMGWithActuals,1,Backcast,,2024-07-12T17:05:58.393,2024-07-12T16:13:50.363,,INPUTS_LOADED,2023-12-30T01:00:00.000,2024-06-30T00:00:00.000,,
117,555,BC_Dec23_Jun24_G6InsertThemalH12024v6,1,Backcast,,2024-07-12T16:05:30.989,2024-07-12T15:17:03.193,,INPUTS_LOADED,2023-12-30T01:00:00.000,2024-06-30T00:00:00.000,,
116,554,BC_Dec23_Jun24_G6InsertThemalH12024v5,1,Backcast,,2024-07-12T15:50:39.593,2024-07-12T14:50:41.683,,LOADING_INPUTS,2023-12-30T01:00:00.000,2024-06-30T00:00:00.000,,
115,553,BC_Dec23_Dec23_G6InsertThemalH12024v4,1,Backcast,,2024-07-12T15:42:29.329,2024-07-12T14:42:33.076,,LOADING_INPUTS,2023-12-30T01:00:00.000,2023-12-31T00:00:00.000,,
114,552,BC_Dec23_Jun24_G6InsertThemalH12024v4,1,Backcast,,2024-07-12T15:28:37.648,2024-07-12T14:28:40.623,,LOADING_INPUTS,2023-12-30T01:00:00.000,2024-06-30T00:00:00.000,,
113,551,BC_Dec23_Jun24_G6InsertThemalH12024ter,1,Backcast,,2024-07-12T15:03:21.600,2024-07-12T14:03:25.036,,LOADING_INPUTS,2023-12-30T01:00:00.000,2024-06-30T00:00:00.000,,
112,550,BC_Dec23_Jun24_G6InsertThemalH12024bis,1,Backcast,,2024-07-12T14:28:53.340,2024-07-12T13:29:00.196,,LOADING_INPUTS,2023-12-30T01:00:00.000,2024-06-30T00:00:00.000,,
111,549,BC_Dec23_Jun24_G6InsertThemalH12024,1,Backcast,,2024-07-12T14:22:46.647,2024-07-12T13:22:49.426,,LOADING_INPUTS,2023-12-30T01:00:00.000,2024-06-30T00:00:00.000,,
110,548,BC_Jan24_Jun24_G6OldMGWithActuals,1,Backcast,,2024-07-12T14:00:59.415,2024-09-30T08:31:53.346,,AVAILABLE,2024-01-01T00:00:00.000,2024-06-30T00:00:00.000,,
109,547,FC_Jan24_Mar24_G630Scs2,1,Simulation,,2024-07-10T17:32:26.539,2024-09-30T08:33:32.300,,AVAILABLE,2024-01-02T00:00:00.000,2024-03-31T00:00:00.000,,
108,545,FC_Jan24_Mar24_G630Scs,1,Simulation,,2024-07-10T17:15:34.174,2024-07-10T16:29:27.950,,INPUTS_LOADED,2024-01-02T00:00:00.000,2024-03-31T00:00:00.000,,
107,544,FC_Jan24_Jan24_G6Scs4,1,Simulation,,2024-07-08T17:45:38.187,2024-09-30T08:32:47.676,,AVAILABLE,2024-01-02T00:00:00.000,2024-01-31T00:00:00.000,,
106,543,FC_Jan24_Jan24_G6Scs3,1,Simulation,,2024-07-08T17:23:08.443,2024-07-08T16:32:23.956,,LOADING_INPUTS,2024-01-02T00:00:00.000,2024-01-31T00:00:00.000,,
105,542,FC_Jan24_Jan24_G6Scs2,1,Simulation,,2024-07-08T16:49:58.732,2024-07-08T15:50:00.596,,LOADING_INPUTS,2024-01-02T00:00:00.000,2024-01-31T00:00:00.000,,
104,541,FC_Jan24_Jan24_G6Scs,1,Simulation,,2024-07-08T16:22:19.192,2024-07-08T15:22:21.980,,LOADING_INPUTS,2024-01-02T00:00:00.000,2024-01-31T00:00:00.000,,
103,540,BC_Jan22_Mar24_G6NewMGwithOldTKOCHB,1,Backcast,,2024-07-05T16:15:57.228,2024-09-30T08:31:53.346,,AVAILABLE,2022-01-01T00:00:00.000,2024-03-30T00:00:00.000,,
102,539,BC_Jan22_Mar24_G6NewMGwithOldTKO,1,Backcast,,2024-07-05T16:11:43.577,2024-09-30T08:31:53.346,,AVAILABLE,2022-01-01T00:00:00.000,2024-03-30T00:00:00.000,,
101,538,BC_Jan22_Mar24_G6MasterGenNew,1,Backcast,,2024-07-05T09:58:07.860,2024-09-30T08:31:53.346,,AVAILABLE,2022-01-01T00:00:00.000,2024-03-30T00:00:00.000,,
100,537,BC_Jan22_Mar24_G6MasterGenNewBis,1,Backcast,,2024-07-05T09:56:49.341,2024-09-30T08:31:53.346,,AVAILABLE,2022-01-01T00:00:00.000,2024-03-30T00:00:00.000,,
99,536,BC_Jan22_Mar24_G6MasterGenOld,1,Backcast,,2024-07-05T09:52:48.948,2024-09-30T08:31:53.346,,AVAILABLE,2022-01-01T00:00:00.000,2024-03-30T00:00:00.000,,
98,535,BC_Jan22_Mar24_G6MasterGenv4,1,Backcast,,2024-07-04T07:30:32.939,2024-09-30T08:31:53.346,,AVAILABLE,2022-01-01T00:00:00.000,2024-03-01T00:00:00.000,,
97,534,BC_Jan24_Jun24_G6EffLinear3,1,Backcast,,2024-07-02T13:28:15.353,2024-09-30T08:31:53.346,,AVAILABLE,2024-01-01T00:00:00.000,2024-06-01T00:00:00.000,,
96,533,BC_Jan24_Jun24_G6EffLinear2,1,Backcast,,2024-07-01T10:59:50.603,2024-09-30T08:31:53.346,,AVAILABLE,2024-01-01T00:00:00.000,2024-06-01T00:00:00.000,,
95,531,FC_Jan24_Jun24_G6EffLinearScs,1,Simulation,,2024-06-25T19:17:21.951,2024-09-30T08:31:53.346,,AVAILABLE,2024-01-02T00:00:00.000,2024-06-30T00:00:00.000,,
94,528,BC_Jan23_Jan23_G6EffLineartestWeeklyGenOnly,1,Backcast,,2024-06-25T18:16:35.582,2024-06-25T17:19:10.763,,INPUTS_LOADED,2023-01-01T00:00:00.000,2023-01-31T00:00:00.000,,
93,527,BC_Jan23_Jan23_G6EffLineartestWeeklyGen,1,Backcast,,2024-06-25T16:58:18.309,2024-06-25T16:02:01.793,,INPUTS_LOADED,2023-01-01T00:00:00.000,2023-01-31T00:00:00.000,,
92,516,BC_Jan22_Dec23_G6_fixFlowsEffLinearlinearEff,1,Backcast,,2024-06-24T15:02:37.910,2024-09-30T08:31:53.346,,AVAILABLE,2022-01-01T00:00:00.000,2023-12-30T00:00:00.000,,
91,515,BC_Jan22_Dec23_G6EffLinearNewFuels,1,Backcast,,2024-06-24T14:45:30.322,2024-06-24T13:45:33.690,,LOADING_INPUTS,2022-01-01T00:00:00.000,2023-12-30T00:00:00.000,,
90,514,BC_Jul22_Jul23_G6EffLinearcalValNewFuels,1,Backcast,,2024-06-21T13:01:40.090,2024-09-30T08:31:53.346,,AVAILABLE,2022-07-01T00:00:00.000,2023-07-30T00:00:00.000,,
89,513,BC_Jul23_Jul23_G6EffLinearcalValNewFuels,1,Backcast,,2024-06-21T12:23:28.341,2024-09-30T08:31:53.346,,AVAILABLE,2023-07-01T00:00:00.000,2023-07-30T00:00:00.000,,
88,512,FC_Jan24_Dec24_G6EffLineartestConsistency2,1,Simulation,,2024-06-21T11:48:17.286,2024-09-30T08:31:53.346,,AVAILABLE,2024-01-02T00:00:00.000,2024-12-30T00:00:00.000,,
87,511,BC_Jul23_Jul23_G6EffLineartestConsistency2,1,Backcast,,2024-06-21T11:15:20.336,2024-09-30T08:31:53.346,,AVAILABLE,2023-07-01T00:00:00.000,2023-07-30T00:00:00.000,,
86,510,FC_Jan24_Jul24_G6EffLineartestConsistency2,1,Simulation,,2024-06-21T10:50:49.534,2024-06-21T09:50:52.003,,LOADING_INPUTS,2024-01-02T00:00:00.000,2024-07-31T00:00:00.000,,
85,504,FC_Jan24_Jul24_G6EffLinear,1,Simulation,,2024-06-21T07:50:39.315,2024-09-30T08:31:53.346,,AVAILABLE,2024-01-02T00:00:00.000,2024-07-31T00:00:00.000,,
84,496,FC_Jan24_Jan24_G4EffLineartest0,1,Simulation,,2024-06-20T17:44:00.377,2024-06-20T16:44:02.120,,LOADING_INPUTS,2024-01-02T00:00:00.000,2024-01-31T00:00:00.000,,
83,492,_BC_Jul23_Jul23_G12EffLineartestBC2,1,Backcast,,2024-06-20T16:57:14.629,2024-06-20T16:00:57.650,,INPUTS_LOADED,2023-07-01T00:00:00.000,2023-07-31T00:00:00.000,,
82,488,FC_Jan24_Jun24_G12EffLinearNoOverwriteInps,1,Simulation,,2024-06-20T16:06:29.680,2024-06-20T15:19:24.530,,INPUTS_LOADED,2024-01-02T00:00:00.000,2024-06-30T00:00:00.000,,
81,487,FC_Jan24_Jun24_G4EffLinearNoOverwriteInps,1,Simulation,,2024-06-20T15:32:03.597,2024-06-20T14:44:31.340,,INPUTS_LOADED,2024-01-02T00:00:00.000,2024-06-30T00:00:00.000,,
80,485,FC_Jan24_Jun24_G4EffLinearForecastMode93,1,Simulation,,2024-06-20T15:16:22.697,2024-06-20T14:27:17.196,,INPUTS_LOADED,2024-01-02T00:00:00.000,2024-06-30T00:00:00.000,,
79,484,FC_Jan24_Jan24_G12EffLinearForecastMode92,1,Simulation,,2024-06-20T14:39:11.716,2024-06-20T13:58:18.350,,INPUTS_LOADED,2024-01-02T00:00:00.000,2024-01-11T00:00:00.000,,
78,483,FC_Jan24_Jan24_G12EffLinearForecastMode91,1,Simulation,,2024-06-20T14:00:53.937,2024-06-20T13:00:56.336,,LOADING_INPUTS,2024-01-02T00:00:00.000,2024-01-11T00:00:00.000,,
77,482,FC_Jan24_Jan24_G12EffLinearForecastMode90,1,Simulation,,2024-06-20T10:49:48.017,2024-06-20T09:49:49.710,,LOADING_INPUTS,2024-01-02T00:00:00.000,2024-01-11T00:00:00.000,,
76,480,FC_Jan24_Jan24_G12EffLinearForecastMode89,1,Simulation,,2024-06-20T10:36:10.606,2024-06-20T09:36:12.990,,LOADING_INPUTS,2024-01-02T00:00:00.000,2024-01-11T00:00:00.000,,
75,479,FC_Jan24_Jan24_G12EffLinearForecastMode88,1,Simulation,,2024-06-20T10:15:08.236,2024-06-20T09:24:10.826,,INPUTS_LOADED,2024-01-02T00:00:00.000,2024-01-11T00:00:00.000,,
74,478,FC_Jan24_Jan24_G12EffLinearForecastMode87,1,Simulation,,2024-06-20T08:08:39.352,2024-06-20T07:08:40.806,,LOADING_INPUTS,2024-01-02T00:00:00.000,2024-01-11T00:00:00.000,,
73,477,FC_Jan24_Jan24_G12EffLinearForecastMode86,1,Simulation,,2024-06-19T16:25:36.769,2024-06-19T15:40:00.430,,INPUTS_LOADED,2024-01-02T00:00:00.000,2024-01-11T00:00:00.000,,
72,476,FC_Feb24_Jan24_G12EffLinearForecastMode86,1,Simulation,,2024-06-19T16:25:08.101,2024-06-19T16:25:08.101,,CREATED,2024-02-01T00:00:00.000,2024-01-11T00:00:00.000,,
71,475,FC_Jan24_Jan24_G12EffLinearForecastMode85,1,Simulation,,2024-06-19T16:14:30.551,2024-06-19T15:14:33.430,,LOADING_INPUTS,2024-01-01T00:00:00.000,2024-01-10T00:00:00.000,,
70,473,FC_Jan24_Jan24_G12EffLinearForecastMode84,1,Simulation,,2024-06-19T15:39:28.616,2024-06-19T14:55:20.593,,INPUTS_LOADED,2024-01-01T00:00:00.000,2024-01-10T00:00:00.000,,
69,472,FC_Jan24_Jan24_G12EffLinearForecastMode83,1,Simulation,,2024-06-19T07:39:58.259,2024-06-19T06:39:59.696,,LOADING_INPUTS,2024-01-01T00:00:00.000,2024-01-10T00:00:00.000,,
68,471,FC_Jan24_Jan24_G12EffLinearForecastMode82,1,Simulation,,2024-06-19T07:18:33.800,2024-06-19T06:23:39.210,,INPUTS_LOADED,2024-01-01T00:00:00.000,2024-01-10T00:00:00.000,,
67,470,FC_Jan24_Jan24_G12EffLinearForecastMode81,1,Simulation,,2024-06-19T07:08:45.662,2024-06-19T06:08:47.560,,LOADING_INPUTS,2024-01-01T00:00:00.000,2024-01-10T00:00:00.000,,
66,469,FC_Jan24_Jan24_G12EffLinearForecastMode80,1,Simulation,,2024-06-19T06:58:39.124,2024-06-19T05:58:40.760,,LOADING_INPUTS,2024-01-01T00:00:00.000,2024-01-10T00:00:00.000,,
65,468,FC_Jan24_Jan24_G12EffLinearForecastMode79,1,Simulation,,2024-06-19T06:49:52.987,2024-06-19T05:49:55.820,,LOADING_INPUTS,2024-01-01T00:00:00.000,2024-01-10T00:00:00.000,,
64,467,FC_Jan24_Jan24_G12EffLinearForecastMode78,1,Simulation,,2024-06-19T06:44:38.613,2024-06-19T05:44:40.116,,LOADING_INPUTS,2024-01-01T00:00:00.000,2024-01-10T00:00:00.000,,
63,466,FC_Jan24_Jan24_G12EffLinearForecastMode77,1,Simulation,,2024-06-19T06:33:08.301,2024-06-19T05:33:11.603,,LOADING_INPUTS,2024-01-01T00:00:00.000,2024-01-10T00:00:00.000,,
62,465,FC_Jan24_Jan24_G12EffLinearForecastMode76,1,Simulation,,2024-06-18T19:31:34.132,2024-06-18T18:31:35.920,,LOADING_INPUTS,2024-01-01T00:00:00.000,2024-01-10T00:00:00.000,,
61,382,BC_Jul23_Jul23_G12EffLinearCommonData,1,Backcast,,2024-06-13T15:30:55.588,2024-06-13T14:34:33.000,,INPUTS_LOADED,2023-07-01T00:00:00.000,2023-07-31T00:00:00.000,,
60,381,BC_Jan22_Dec23_G6EffLinearNewMGNoLoadIsOnConv2,1,Backcast,,2024-06-12T22:50:54.004,2024-09-30T08:31:53.346,,AVAILABLE,2022-01-01T00:00:00.000,2023-12-30T00:00:00.000,,
59,380,BC_Jul22_Jul23_G6EffLinearOldMGNoLoadIsOnNewConv2,1,Backcast,,2024-06-12T17:55:33.183,2024-09-30T08:31:53.346,,AVAILABLE,2022-07-01T00:00:00.000,2023-07-31T00:00:00.000,,
58,379,BC_May23_Jul23_G6EffLinearOldMGNoLoadIsOnNewConv2,1,Backcast,,2024-06-12T17:19:06.231,2024-09-30T08:31:53.346,,AVAILABLE,2023-05-01T00:00:00.000,2023-07-31T00:00:00.000,,
57,378,BC_May23_Jul23_G6EffLinearOldMGNoLoadIsOnNewConv,1,Backcast,,2024-06-12T16:30:53.844,2024-09-30T08:31:53.346,,AVAILABLE,2023-05-01T00:00:00.000,2023-07-31T00:00:00.000,,
56,377,BC_May23_Jul23_G6EffLinearOldMGNoNoLoadIsOn,1,Backcast,,2024-06-12T14:31:50.180,2024-09-30T08:31:53.346,,AVAILABLE,2023-05-01T00:00:00.000,2023-07-31T00:00:00.000,,
55,376,BC_May23_Jul23_G6EffLinearOldMGNoLoadIsOn,1,Backcast,,2024-06-12T10:02:43.711,2024-09-30T08:31:53.346,,AVAILABLE,2023-05-01T00:00:00.000,2023-07-31T00:00:00.000,,
54,375,BC_Jul22_Jul23_G6EffLinearNewMGNoLoadIsOn,1,Backcast,,2024-06-11T21:39:16.430,2024-09-30T08:31:53.346,,AVAILABLE,2022-07-01T00:00:00.000,2023-07-31T00:00:00.000,,
53,374,BC_Jul22_Jul23_G6EffLinearNemMasterGenNoNoLoad,1,Backcast,,2024-06-11T17:25:53.410,2024-09-30T08:31:53.346,,AVAILABLE,2022-07-01T00:00:00.000,2023-07-31T00:00:00.000,,
52,373,BC_Jul22_Jul23_G6EffLinearOldMasterGen2,1,Backcast,,2024-06-11T15:26:47.178,2024-09-30T08:31:53.346,,AVAILABLE,2022-07-01T00:00:00.000,2023-07-31T00:00:00.000,,
51,371,BC_Jul22_Jul23_G6EffLinearNewMasterGen,1,Backcast,,2024-06-11T10:53:45.676,2024-09-30T08:31:53.346,,AVAILABLE,2022-07-01T00:00:00.000,2023-07-31T00:00:00.000,,
50,370,BC_Jul22_Jul23_G6NewMasterGen,1,Backcast,,2024-06-11T10:50:25.700,2024-09-30T08:31:53.346,,AVAILABLE,2022-07-01T00:00:00.000,2023-07-31T00:00:00.000,,
49,369,BC_Jul23_Jul23_G6NewMasterGen,1,Backcast,,2024-06-11T10:31:30.788,2024-09-30T08:31:53.346,,AVAILABLE,2023-07-01T00:00:00.000,2023-07-31T00:00:00.000,,
48,368,BC_Jul23_Jul23_G6EffLinearTest,1,Backcast,,2024-06-11T09:21:47.044,2024-09-30T08:31:53.346,,AVAILABLE,2023-07-01T00:00:00.000,2023-07-31T00:00:00.000,,
47,352,BC_Jul22_Dec23_G6StackUpFuels+ParamsTHK,1,Backcast,,2024-06-07T10:09:55.668,2024-09-30T08:31:53.346,,AVAILABLE,2022-07-01T00:00:00.000,2023-12-30T00:00:00.000,,
46,351,BC_Jan22_Dec23_G6StackUpFuels+ParamsTHK,1,Backcast,,2024-06-06T17:41:59.259,2024-09-30T08:31:53.346,,AVAILABLE,2022-01-01T00:00:00.000,2023-12-30T00:00:00.000,,
45,350,BC_Jan23_Jul23_G6StackUpFuels+ParamsTHK,1,Backcast,,2024-06-06T13:45:04.162,2024-09-30T08:31:53.346,,AVAILABLE,2023-01-01T00:00:00.000,2023-07-31T00:00:00.000,,
44,349,BC_Jan23_Jul23_G6StackUpFuels,1,Backcast,,2024-06-06T10:18:32.008,2024-09-30T08:31:53.346,,AVAILABLE,2023-01-01T00:00:00.000,2023-07-31T00:00:00.000,,
43,346,BC_Jul23_Jul23_G1origFuels,1,Backcast,,2024-06-05T16:06:52.779,2024-09-30T08:31:53.346,,AVAILABLE,2023-07-01T00:00:00.000,2023-07-31T00:00:00.000,,
42,345,BC_May23_Jul23_G6origFuels,1,Backcast,,2024-06-05T15:12:45.768,2024-09-30T08:31:53.346,,AVAILABLE,2023-05-01T00:00:00.000,2023-07-31T00:00:00.000,,
41,344,BC_May23_Jul23_G6testBlendsRun2,1,Backcast,,2024-06-05T15:05:34.612,2024-09-30T08:31:53.346,,AVAILABLE,2023-05-01T00:00:00.000,2023-07-31T00:00:00.000,,
40,343,BC_May23_Jul23_G6testBlendsRun,1,Backcast,,2024-06-04T14:48:17.155,2024-09-30T08:31:53.346,,AVAILABLE,2023-05-01T00:00:00.000,2023-07-31T00:00:00.000,,
39,342,BC_Jan23_Jul23_G6testBlendsRun,1,Backcast,,2024-06-04T10:39:10.699,2024-06-04T14:09:36.686,,UNVALIDATED,2023-01-01T00:00:00.000,2023-07-31T00:00:00.000,,
38,341,BC_Jul23_Jul23_G6testBlendsRun5,1,Backcast,,2024-06-04T09:39:43.372,2024-07-10T11:56:07.170,,UNVALIDATED,2023-07-01T00:00:00.000,2023-07-31T00:00:00.000,,
37,329,BC_Jan22_Dec23_G62-8-9-0.5xAllMustRun,1,Backcast,,2024-05-29T03:51:08.360,2024-09-30T08:31:53.346,,AVAILABLE,2022-01-01T00:00:00.000,2023-12-30T00:00:00.000,,
36,328,BC_Jan22_Dec23_G62-8-9-0.75MustRun,1,Backcast,,2024-05-28T17:10:31.100,2024-09-30T08:31:53.346,,AVAILABLE,2022-01-01T00:00:00.000,2023-12-30T00:00:00.000,,
35,327,BC_May23_Jul23_G6PminActualsPminTest2,1,Backcast,,2024-05-28T15:02:41.055,2024-09-30T08:31:53.346,,AVAILABLE,2023-05-01T00:00:00.000,2023-07-31T00:00:00.000,,
34,323,BC_Jan22_Dec23_G6,1,Backcast,,2024-05-28T13:37:08.209,2024-09-30T08:31:53.346,,AVAILABLE,2022-01-01T00:00:00.000,2023-12-30T00:00:00.000,,
33,320,BC_May23_Jul23_G6TKOBlend,1,Backcast,,2024-05-28T08:34:17.875,2024-09-30T08:31:53.346,,AVAILABLE,2023-05-01T00:00:00.000,2023-07-31T00:00:00.000,,
32,315,BC_May22_Dec23_G62-8-9-MustRun+0.5Av,1,Backcast,,2024-05-28T02:34:07.026,2024-09-30T08:31:53.346,,AVAILABLE,2022-05-01T00:00:00.000,2023-12-30T00:00:00.000,,
31,314,BC_May22_Dec23_G32-8-9-MustRun+0.5Av,1,Backcast,,2024-05-28T02:33:41.333,2024-09-30T08:31:53.346,,AVAILABLE,2022-05-01T00:00:00.000,2023-12-30T00:00:00.000,,
30,313,BC_May22_Dec23_G32-7-8-9-MustRun+0.5Av,1,Backcast,,2024-05-27T17:36:38.102,2024-09-30T08:31:53.346,,AVAILABLE,2022-05-01T00:00:00.000,2023-12-30T00:00:00.000,,
29,312,BC_May22_Dec23_G3EffFullOrigParams,1,Backcast,,2024-05-26T16:57:55.024,2024-09-30T08:31:53.346,,AVAILABLE,2022-05-01T00:00:00.000,2023-12-30T00:00:00.000,,
28,311,BC_May22_Dec23_G3EffMSG,1,Backcast,,2024-05-26T15:01:51.945,2024-09-30T08:31:53.346,,AVAILABLE,2022-05-01T00:00:00.000,2023-12-30T00:00:00.000,,
27,310,BC_May22_Dec23_G3EffFull,1,Backcast,,2024-05-26T15:00:35.369,2024-09-30T08:31:53.346,,AVAILABLE,2022-05-01T00:00:00.000,2023-12-30T00:00:00.000,,
26,306,BC_Jul23_Jul23_G3groupCtesFix3,1,Backcast,,2024-05-23T17:48:59.268,2024-09-30T08:31:53.346,,AVAILABLE,2023-07-01T00:00:00.000,2023-07-31T00:00:00.000,,
25,302,BC_Jul23_Jul23_G3groupCtes,1,Backcast,,2024-05-23T14:29:45.051,2024-05-23T13:36:24.770,,INPUTS_LOADED,2023-07-01T00:00:00.000,2023-07-31T00:00:00.000,,
24,279,BC_May22_Jul23_G3MSG50wCGKAllMustRunSKKKYS,1,Backcast,,2024-05-21T19:21:03.045,2024-09-30T08:31:53.346,,AVAILABLE,2022-05-01T00:00:00.000,2023-07-31T00:00:00.000,,
23,278,BC_May23_Jul23_G3MSG50wCGKAllMustRunSKKKYS,1,Backcast,,2024-05-21T18:53:17.574,2024-09-30T08:31:53.346,,AVAILABLE,2023-05-01T00:00:00.000,2023-07-31T00:00:00.000,,
22,277,BC_May23_Jul23_G3MSG50AllMustRunSKKKYS,1,Backcast,,2024-05-21T18:13:24.955,2024-09-30T08:31:53.346,,AVAILABLE,2023-05-01T00:00:00.000,2023-07-31T00:00:00.000,,
21,276,BC_May23_Jul23_G3MSG50AllMustRunCGKSKKKYS,1,Backcast,,2024-05-21T17:26:48.473,2024-09-30T08:31:53.346,,AVAILABLE,2023-05-01T00:00:00.000,2023-07-31T00:00:00.000,,
20,274,BC_May23_Jul23_G3MSG50PercAllMustRunCGKSKK,1,Backcast,,2024-05-21T15:47:31.497,2024-09-30T08:31:53.346,,AVAILABLE,2023-05-01T00:00:00.000,2023-07-31T00:00:00.000,,
19,273,BC_May23_Jul23_G3MSG50PercCGKSKKMustRunRev,1,Backcast,,2024-05-21T11:53:41.503,2024-09-30T08:31:53.346,,AVAILABLE,2023-05-01T00:00:00.000,2023-07-31T00:00:00.000,,
18,270,BC_May23_Jul23_G3MSG50PercCGKSKK,1,Backcast,,2024-05-17T16:59:00.952,2024-09-30T08:31:53.346,,AVAILABLE,2023-05-01T00:00:00.000,2023-07-31T00:00:00.000,,
17,269,BC_May23_Jul23_G3MSG50PercCGK,1,Backcast,,2024-05-17T16:39:09.020,2024-09-30T08:31:53.346,,AVAILABLE,2023-05-01T00:00:00.000,2023-07-31T00:00:00.000,,
16,256,BC_May23_Jul23_G3InflexTHK80%MinGen,1,Backcast,,2024-05-15T17:27:59.781,2024-09-30T08:31:53.346,,AVAILABLE,2023-05-01T00:00:00.000,2023-07-31T00:00:00.000,,
15,254,BC_May23_Jul23_G3InflexTHK50%MinGen,1,Backcast,,2024-05-15T15:09:00.816,2024-09-30T08:31:53.346,,AVAILABLE,2023-05-01T00:00:00.000,2023-07-31T00:00:00.000,,
14,253,BC_May23_Jul23_G3InflexTHK,1,Backcast,,2024-05-15T10:58:09.126,2024-09-30T08:31:53.346,,AVAILABLE,2023-05-01T00:00:00.000,2023-07-31T00:00:00.000,,
13,249,BC_May23_Jul23_G3PminActualsEffCurveFull,1,Backcast,,2024-05-14T15:27:22.442,2024-05-14T14:33:16.820,,INPUTS_LOADED,2023-05-01T00:00:00.000,2023-07-31T00:00:00.000,,
12,247,BC_May23_Jul23_G3PminActuals,1,Backcast,,2024-05-14T11:18:40.778,2024-09-30T08:31:53.346,,AVAILABLE,2023-05-01T00:00:00.000,2023-07-31T00:00:00.000,,
11,246,BC_May23_Jul23_G3,1,Backcast,,2024-05-14T11:17:38.624,2024-09-30T08:31:53.346,,AVAILABLE,2023-05-01T00:00:00.000,2023-07-31T00:00:00.000,,
10,245,BC_May23_Jul23_G3EffCurveMSG,1,Backcast,,2024-05-14T10:26:30.194,2024-09-30T08:31:53.346,,AVAILABLE,2023-05-01T00:00:00.000,2023-07-31T00:00:00.000,,
9,244,BC_May23_Jul23_G3EffCurveFullEffFull,1,Backcast,,2024-05-14T10:17:43.583,2024-09-30T08:31:53.346,,AVAILABLE,2023-05-01T00:00:00.000,2023-07-31T00:00:00.000,,
8,239,BC_Jan22_Dec23_g3EffCurveFull,1,Backcast,,2024-05-03T15:01:14.672,2024-09-30T08:31:53.346,,AVAILABLE,2022-01-01T00:00:00.000,2023-12-30T00:00:00.000,,
7,238,BC_May23_Jul23_g3EffCurveFullInsertFlow2022,1,Backcast,,2024-05-03T11:46:11.373,2024-09-30T08:31:53.346,,AVAILABLE,2023-05-01T00:00:00.000,2023-07-31T00:00:00.000,,
6,234,BC_Jul23_Jul23_g3EffCurveFulltestUnitCosts,1,Backcast,,2024-05-03T09:11:27.786,2024-09-30T08:31:53.346,,AVAILABLE,2023-07-01T00:00:00.000,2023-07-31T00:00:00.000,,
5,233,BC_Jan22_Jun22_g3EffCurveFullFixPmin,1,Backcast,,2024-05-03T08:01:16.084,2024-09-30T08:31:53.346,,AVAILABLE,2022-01-01T00:00:00.000,2022-06-30T00:00:00.000,,
4,232,BC_Jul22_Jul23_g3EffCurveFullFixPmin,1,Backcast,,2024-05-02T20:10:48.596,2024-09-30T08:31:53.346,,AVAILABLE,2022-07-01T00:00:00.000,2023-07-31T00:00:00.000,,
3,231,BC_Jul23_Jul23_g3EffCurveFullFixPmin,1,Backcast,,2024-05-02T17:50:13.868,2024-09-30T08:31:53.346,,AVAILABLE,2023-07-01T00:00:00.000,2023-07-31T00:00:00.000,,
2,230,BC_Jul23_Jul23_g3EffCurveMSGCalValJERA,1,Backcast,,2024-05-02T14:21:03.914,2024-09-30T08:31:53.346,,AVAILABLE,2023-07-01T00:00:00.000,2023-07-31T00:00:00.000,,
1,229,BC_Jul23_Jul23_g3EffCurveFullCalValJERA,1,Backcast,,2024-05-02T14:08:25.862,2024-09-30T08:31:53.346,,AVAILABLE,2023-07-01T00:00:00.000,2023-07-31T00:00:00.000,,
0,222,BC_Jul22_Jul23_g3_newFuelsOrigPmin,1,Backcast,,2024-05-02T07:42:14.157,2024-09-30T08:31:53.346,,AVAILABLE,2022-07-01T00:00:00.000,2023-07-31T00:00:00.000,,
